clump_thickness,uniformity_of_cell_size,uniformity_of_cell_shape,marginal_adhesion,single_epithelial_cell_size,bare_nuclei,bland_chromatin,normal_nucleoli,mitoses,class
0.4444444444444444,0.0,0.0,0.0,0.1111111111111111,0.0,0.2222222222222222,0.0,0.0,2
0.4444444444444444,0.3333333333333333,0.3333333333333333,0.4444444444444444,0.6666666666666666,1.0,0.2222222222222222,0.1111111111111111,0.0,2
0.2222222222222222,0.0,0.0,0.0,0.1111111111111111,0.1111111111111111,0.2222222222222222,0.0,0.0,2
0.5555555555555556,0.7777777777777778,0.7777777777777778,0.0,0.2222222222222222,0.3333333333333333,0.2222222222222222,0.6666666666666666,0.0,2
0.3333333333333333,0.0,0.0,0.2222222222222222,0.1111111111111111,0.0,0.2222222222222222,0.0,0.0,2
0.7777777777777778,1.0,1.0,0.7777777777777778,0.6666666666666666,1.0,0.8888888888888888,0.6666666666666666,0.0,4
0.0,0.0,0.0,0.0,0.1111111111111111,1.0,0.2222222222222222,0.0,0.0,2
0.1111111111111111,0.0,0.1111111111111111,0.0,0.1111111111111111,0.0,0.2222222222222222,0.0,0.0,2
0.1111111111111111,0.0,0.0,0.0,0.1111111111111111,0.0,0.0,0.0,0.4444444444444444,2
0.3333333333333333,0.1111111111111111,0.0,0.0,0.1111111111111111,0.0,0.1111111111111111,0.0,0.0,2
0.0,0.0,0.0,0.0,0.0,0.0,0.2222222222222222,0.0,0.0,2
0.1111111111111111,0.0,0.0,0.0,0.1111111111111111,0.0,0.1111111111111111,0.0,0.0,2
0.4444444444444444,0.2222222222222222,0.2222222222222222,0.2222222222222222,0.1111111111111111,0.2222222222222222,0.3333333333333333,0.3333333333333333,0.0,4
0.0,0.0,0.0,0.0,0.1111111111111111,0.2222222222222222,0.2222222222222222,0.0,0.0,2
0.7777777777777778,0.6666666666666666,0.4444444444444444,1.0,0.6666666666666666,0.8888888888888888,0.4444444444444444,0.4444444444444444,0.3333333333333333,4
0.6666666666666666,0.3333333333333333,0.5555555555555556,0.3333333333333333,0.5555555555555556,0.0,0.3333333333333333,0.2222222222222222,0.0,4
0.3333333333333333,0.0,0.0,0.0,0.1111111111111111,0.0,0.1111111111111111,0.0,0.0,2
0.3333333333333333,0.0,0.0,0.0,0.1111111111111111,0.0,0.2222222222222222,0.0,0.0,2
1.0,0.6666666666666666,0.6666666666666666,0.5555555555555556,0.3333333333333333,1.0,0.3333333333333333,0.0,0.1111111111111111,4
0.5555555555555556,0.0,0.0,0.0,0.1111111111111111,0.0,0.2222222222222222,0.0,0.0,2
0.6666666666666666,0.2222222222222222,0.1111111111111111,1.0,0.4444444444444444,1.0,0.4444444444444444,0.3333333333333333,0.3333333333333333,4
1.0,0.4444444444444444,0.4444444444444444,0.2222222222222222,0.5555555555555556,0.6666666666666666,0.6666666666666666,1.0,0.0,4
0.2222222222222222,0.0,0.0,0.0,0.1111111111111111,0.0,0.1111111111111111,0.0,0.0,2
0.7777777777777778,0.3333333333333333,0.4444444444444444,0.0,0.1111111111111111,0.0,0.6666666666666666,0.2222222222222222,0.0,4
0.0,0.0,0.0,0.0,0.1111111111111111,0.0,0.2222222222222222,0.0,0.0,2
0.4444444444444444,0.1111111111111111,0.2222222222222222,0.3333333333333333,0.1111111111111111,0.6666666666666666,0.2222222222222222,0.5555555555555556,0.0,4
0.2222222222222222,0.1111111111111111,0.0,0.0,0.0,0.0,0.1111111111111111,0.0,0.0,2
0.4444444444444444,0.0,0.0,0.0,0.1111111111111111,0.0,0.1111111111111111,0.0,0.0,2
0.1111111111111111,0.0,0.0,0.0,0.1111111111111111,0.0,0.1111111111111111,0.0,0.0,2
0.0,0.0,0.2222222222222222,0.0,0.1111111111111111,0.0,0.0,0.0,0.0,2
0.2222222222222222,0.0,0.0,0.0,0.0,0.0,0.1111111111111111,0.0,0.0,2
0.1111111111111111,0.0,0.0,0.0,0.1111111111111111,0.0,0.2222222222222222,0.0,0.0,2
1.0,0.6666666666666666,0.6666666666666666,0.2222222222222222,0.7777777777777778,0.4444444444444444,0.6666666666666666,0.3333333333333333,0.2222222222222222,4
0.1111111111111111,0.0,0.0,0.1111111111111111,0.1111111111111111,0.0,0.2222222222222222,0.0,0.0,2
0.2222222222222222,0.0,0.1111111111111111,0.0,0.1111111111111111,0.0,0.1111111111111111,0.0,0.0,2
0.1111111111111111,0.0,0.0,0.0,0.1111111111111111,0.0,0.1111111111111111,0.0,0.0,2
1.0,1.0,1.0,0.7777777777777778,0.5555555555555556,0.0,0.7777777777777778,0.8888888888888888,0.0,4
0.5555555555555556,0.1111111111111111,0.0,0.0,0.0,0.0,0.6666666666666666,0.0,0.0,2
0.4444444444444444,0.3333333333333333,0.3333333333333333,0.8888888888888888,0.1111111111111111,1.0,0.4444444444444444,0.5555555555555556,0.0,4
0.1111111111111111,0.4444444444444444,0.2222222222222222,0.2222222222222222,0.5555555555555556,0.6666666666666666,0.6666666666666666,0.4444444444444444,0.0,4
0.5555555555555556,0.5555555555555556,0.5555555555555556,0.8888888888888888,0.5555555555555556,0.0,0.6666666666666666,0.7777777777777778,0.0,2
1.0,0.3333333333333333,0.2222222222222222,0.0,0.2222222222222222,0.2222222222222222,0.5555555555555556,0.4444444444444444,0.1111111111111111,4
0.5555555555555556,1.0,1.0,0.1111111111111111,0.7777777777777778,1.0,0.6666666666666666,0.2222222222222222,0.2222222222222222,4
0.4444444444444444,0.5555555555555556,0.4444444444444444,0.5555555555555556,1.0,0.0,0.2222222222222222,0.0,0.0,4
1.0,1.0,1.0,0.3333333333333333,0.7777777777777778,0.0,0.7777777777777778,1.0,0.0,4
0.0,0.0,0.0,0.0,0.1111111111111111,0.0,0.1111111111111111,0.0,0.1111111111111111,2
0.2222222222222222,0.6666666666666666,0.6666666666666666,0.3333333333333333,0.3333333333333333,0.8888888888888888,0.3333333333333333,0.7777777777777778,0.0,4
0.0,0.0,0.0,0.0,0.1111111111111111,0.0,0.1111111111111111,0.0,0.0,2
0.3333333333333333,0.0,0.0,0.2222222222222222,0.1111111111111111,0.0,0.2222222222222222,0.0,0.0,2
0.6666666666666666,0.7777777777777778,0.6666666666666666,0.1111111111111111,0.3333333333333333,0.7777777777777778,0.2222222222222222,0.7777777777777778,0.1111111111111111,4
0.8888888888888888,0.4444444444444444,0.7777777777777778,0.0,0.1111111111111111,0.2222222222222222,0.1111111111111111,0.0,0.4444444444444444,4
0.4444444444444444,0.2222222222222222,0.2222222222222222,0.3333333333333333,0.1111111111111111,0.3333333333333333,0.2222222222222222,0.3333333333333333,0.0,4
1.0,0.2222222222222222,0.5555555555555556,0.1111111111111111,0.2222222222222222,0.4444444444444444,0.3333333333333333,1.0,0.1111111111111111,4
0.4444444444444444,0.4444444444444444,0.4444444444444444,0.7777777777777778,1.0,0.7777777777777778,0.6666666666666666,0.2222222222222222,0.6666666666666666,4
1.0,0.4444444444444444,0.4444444444444444,0.5555555555555556,0.7777777777777778,0.7777777777777778,0.6666666666666666,0.0,0.0,4
1.0,0.5555555555555556,0.5555555555555556,0.2222222222222222,0.3333333333333333,0.4444444444444444,0.2222222222222222,0.5555555555555556,0.0,4
0.7777777777777778,1.0,1.0,0.0,0.2222222222222222,0.5555555555555556,0.2222222222222222,0.8888888888888888,0.0,4
0.7777777777777778,0.1111111111111111,0.3333333333333333,0.0,0.4444444444444444,0.0,0.4444444444444444,0.3333333333333333,0.3333333333333333,4
0.4444444444444444,0.1111111111111111,0.2222222222222222,0.0,0.5555555555555556,1.0,0.4444444444444444,0.0,0.0,4
0.8888888888888888,0.4444444444444444,0.4444444444444444,0.1111111111111111,0.1111111111111111,0.1111111111111111,0.4444444444444444,0.0,0.0,4
0.4444444444444444,0.2222222222222222,0.4444444444444444,0.4444444444444444,0.2222222222222222,0.2222222222222222,0.3333333333333333,1.0,0.0,4
0.0,0.0,0.0,0.0,0.1111111111111111,0.1111111111111111,0.1111111111111111,0.0,0.0,2
0.8888888888888888,1.0,1.0,0.0,1.0,0.7777777777777778,0.2222222222222222,0.2222222222222222,0.0,4
0.5555555555555556,0.2222222222222222,0.3333333333333333,0.0,0.4444444444444444,0.1111111111111111,0.2222222222222222,0.8888888888888888,0.0,4
0.0,0.0,0.0,0.0,0.1111111111111111,0.0,0.1111111111111111,0.0,0.0,2
1.0,0.3333333333333333,0.1111111111111111,0.0,0.2222222222222222,0.1111111111111111,0.3333333333333333,0.2222222222222222,1.0,4
0.3333333333333333,0.0,0.0,0.0,0.1111111111111111,0.0,0.2222222222222222,0.0,0.0,2
0.4444444444444444,0.2222222222222222,0.3333333333333333,0.0,0.7777777777777778,1.0,0.3333333333333333,0.8888888888888888,0.0,4
0.7777777777777778,0.2222222222222222,0.7777777777777778,0.2222222222222222,0.3333333333333333,0.8888888888888888,0.7777777777777778,0.8888888888888888,0.7777777777777778,4
0.0,0.0,0.0,0.0,0.1111111111111111,0.0,0.2222222222222222,0.1111111111111111,0.0,2
0.4444444444444444,0.0,0.2222222222222222,0.0,0.1111111111111111,0.0,0.1111111111111111,0.0,0.0,2
0.5555555555555556,1.0,0.1111111111111111,0.7777777777777778,1.0,0.1111111111111111,0.6666666666666666,0.7777777777777778,1.0,4
0.0,0.2222222222222222,0.2222222222222222,0.1111111111111111,0.1111111111111111,0.0,0.6666666666666666,0.1111111111111111,0.0,2
0.8888888888888888,0.3333333333333333,0.4444444444444444,1.0,0.5555555555555556,1.0,0.3333333333333333,0.7777777777777778,0.0,4
1.0,0.5555555555555556,0.3333333333333333,0.0,0.2222222222222222,0.3333333333333333,0.2222222222222222,0.1111111111111111,0.2222222222222222,4
0.0,0.0,0.1111111111111111,0.0,0.1111111111111111,0.1111111111111111,0.3333333333333333,0.1111111111111111,0.0,2
0.0,0.0,0.3333333333333333,0.0,0.1111111111111111,0.0,0.1111111111111111,0.0,0.0,2
0.4444444444444444,0.2222222222222222,0.0,0.1111111111111111,0.1111111111111111,0.0,0.1111111111111111,0.0,0.0,2
0.2222222222222222,0.0,0.0,0.0,0.1111111111111111,0.2222222222222222,0.2222222222222222,0.0,0.0,2
0.1111111111111111,0.0,0.0,0.0,0.2222222222222222,0.0,0.1111111111111111,0.0,0.0,2
0.1111111111111111,0.1111111111111111,0.1111111111111111,0.0,0.0,0.0,0.6666666666666666,0.0,0.0,2
0.3333333333333333,0.0,0.0,0.1111111111111111,0.1111111111111111,0.0,0.1111111111111111,0.0,0.0,2
0.4444444444444444,0.1111111111111111,0.0,0.0,0.1111111111111111,0.0,0.2222222222222222,0.0,0.0,2
0.2222222222222222,0.0,0.0,0.0,0.1111111111111111,0.1111111111111111,0.6666666666666666,0.0,0.0,2
0.2222222222222222,0.4444444444444444,0.6666666666666666,0.7777777777777778,0.7777777777777778,0.8888888888888888,0.6666666666666666,1.0,0.6666666666666666,4
0.4444444444444444,1.0,0.5555555555555556,0.0,1.0,0.3333333333333333,0.3333333333333333,1.0,1.0,4
0.2222222222222222,0.2222222222222222,0.5555555555555556,0.3333333333333333,0.4444444444444444,0.7777777777777778,0.3333333333333333,0.3333333333333333,0.0,4
0.2222222222222222,0.5555555555555556,0.5555555555555556,0.5555555555555556,0.4444444444444444,1.0,0.5555555555555556,0.7777777777777778,0.2222222222222222,4
0.3333333333333333,0.0,0.0,0.0,0.1111111111111111,0.0,0.2222222222222222,0.0,0.0,2
0.1111111111111111,0.0,0.0,0.1111111111111111,0.2222222222222222,0.0,0.1111111111111111,0.0,0.0,2
0.0,0.0,0.0,0.0,0.1111111111111111,0.0,0.2222222222222222,0.0,0.0,2
0.2222222222222222,0.0,0.0,0.1111111111111111,0.1111111111111111,0.0,0.0,0.0,0.0,2
0.3333333333333333,0.0,0.0,0.0,0.1111111111111111,0.0,0.2222222222222222,0.0,0.0,2
0.0,0.0,0.0,0.0,0.1111111111111111,0.0,0.1111111111111111,0.0,0.0,2
0.1111111111111111,0.0,0.0,0.0,0.1111111111111111,0.0,0.2222222222222222,0.0,0.0,2
0.0,0.0,0.0,0.0,0.1111111111111111,0.0,0.2222222222222222,0.0,0.0,2
0.1111111111111111,0.0,0.0,0.1111111111111111,0.1111111111111111,0.0,0.0,0.0,0.0,2
0.4444444444444444,0.0,0.0,0.0,0.1111111111111111,0.0,0.2222222222222222,0.0,0.0,2
0.8888888888888888,0.5555555555555556,0.8888888888888888,0.1111111111111111,1.0,0.5555555555555556,0.1111111111111111,0.8888888888888888,1.0,4
0.6666666666666666,0.4444444444444444,0.5555555555555556,1.0,0.4444444444444444,1.0,0.6666666666666666,0.8888888888888888,0.3333333333333333,4
1.0,0.2222222222222222,0.4444444444444444,0.0,1.0,0.4444444444444444,0.2222222222222222,1.0,0.1111111111111111,4
0.1111111111111111,0.2222222222222222,0.3333333333333333,0.3333333333333333,0.1111111111111111,0.4444444444444444,0.1111111111111111,0.4444444444444444,0.0,4
0.3333333333333333,0.0,0.1111111111111111,0.0,0.1111111111111111,0.0,0.2222222222222222,0.0,0.0,2
0.7777777777777778,0.1111111111111111,0.2222222222222222,0.0,0.5555555555555556,0.2222222222222222,0.6666666666666666,0.0,0.0,4
1.0,1.0,1.0,1.0,1.0,0.0,0.7777777777777778,0.7777777777777778,0.7777777777777778,4
0.6666666666666666,0.2222222222222222,0.3333333333333333,0.3333333333333333,0.2222222222222222,0.2222222222222222,0.2222222222222222,0.1111111111111111,0.6666666666666666,4
1.0,1.0,1.0,0.7777777777777778,0.1111111111111111,1.0,0.3333333333333333,0.0,0.0,4
0.0,0.5555555555555556,0.7777777777777778,1.0,0.7777777777777778,1.0,0.4444444444444444,0.6666666666666666,0.0,4
0.0,0.0,0.0,0.0,0.1111111111111111,0.0,0.1111111111111111,0.2222222222222222,0.0,2
0.5555555555555556,0.4444444444444444,0.3333333333333333,0.3333333333333333,0.2222222222222222,0.8888888888888888,0.6666666666666666,0.7777777777777778,0.2222222222222222,4
0.0,0.2222222222222222,0.0,0.1111111111111111,0.1111111111111111,0.1111111111111111,0.4444444444444444,0.2222222222222222,0.1111111111111111,2
0.7777777777777778,0.5555555555555556,0.3333333333333333,0.2222222222222222,0.4444444444444444,0.8888888888888888,0.2222222222222222,0.0,0.0,4
1.0,0.2222222222222222,0.2222222222222222,1.0,0.1111111111111111,1.0,0.6666666666666666,0.2222222222222222,0.2222222222222222,4
1.0,1.0,1.0,0.2222222222222222,1.0,0.7777777777777778,0.7777777777777778,0.0,0.0,4
0.2222222222222222,0.2222222222222222,0.1111111111111111,0.0,0.1111111111111111,0.2222222222222222,0.2222222222222222,0.0,0.0,2
0.0,0.0,0.0,0.0,0.1111111111111111,0.4444444444444444,0.0,0.0,0.0,2
0.7777777777777778,0.2222222222222222,0.2222222222222222,0.0,0.1111111111111111,0.1111111111111111,0.2222222222222222,0.1111111111111111,0.0,2
0.3333333333333333,0.4444444444444444,0.4444444444444444,1.0,0.3333333333333333,1.0,0.6666666666666666,0.4444444444444444,0.7777777777777778,4
0.0,0.0,0.0,0.0,0.3333333333333333,0.2222222222222222,0.0,0.0,0.0,2
0.2222222222222222,0.1111111111111111,0.0,0.0,0.1111111111111111,0.1111111111111111,0.2222222222222222,0.0,0.0,2
0.0,0.0,0.1111111111111111,0.1111111111111111,0.1111111111111111,0.0,0.2222222222222222,0.0,0.0,2
0.3333333333333333,0.1111111111111111,0.0,0.0,0.1111111111111111,0.1111111111111111,0.2222222222222222,0.0,0.0,2
1.0,1.0,1.0,0.1111111111111111,1.0,1.0,0.4444444444444444,0.2222222222222222,0.2222222222222222,4
0.4444444444444444,0.2222222222222222,0.4444444444444444,0.0,0.7777777777777778,1.0,0.4444444444444444,0.2222222222222222,0.0,4
0.4444444444444444,0.3333333333333333,0.5555555555555556,0.6666666666666666,0.8888888888888888,0.6666666666666666,0.7777777777777778,1.0,0.0,4
0.0,0.0,0.0,0.0,0.1111111111111111,0.0,0.1111111111111111,0.0,0.0,2
0.6666666666666666,0.4444444444444444,0.2222222222222222,0.6666666666666666,0.3333333333333333,1.0,0.6666666666666666,0.4444444444444444,0.4444444444444444,4
0.2222222222222222,0.0,0.0,0.0,0.1111111111111111,0.0,0.2222222222222222,0.0,0.0,2
0.7777777777777778,0.2222222222222222,0.4444444444444444,0.3333333333333333,0.4444444444444444,1.0,0.0,0.5555555555555556,0.1111111111111111,4
0.0,0.0,0.0,0.0,1.0,0.0,0.0,0.0,0.0,2
0.4444444444444444,0.0,0.2222222222222222,0.0,0.1111111111111111,0.0,0.1111111111111111,0.0,0.0,2
0.1111111111111111,0.0,0.0,0.0,0.1111111111111111,0.0,0.2222222222222222,0.0,0.0,2
0.4444444444444444,1.0,0.7777777777777778,1.0,0.7777777777777778,1.0,0.2222222222222222,0.5555555555555556,0.2222222222222222,4
0.2222222222222222,0.0,0.0,0.0,0.1111111111111111,0.0,0.1111111111111111,0.1111111111111111,0.0,2
0.2222222222222222,0.0,0.0,0.0,0.2222222222222222,0.0,0.1111111111111111,0.0,0.0,2
0.4444444444444444,0.0,0.0,0.0,0.1111111111111111,0.1111111111111111,0.2222222222222222,0.2222222222222222,0.0,2
0.3333333333333333,0.0,0.0,0.0,0.1111111111111111,0.0,0.1111111111111111,0.0,0.0,2
0.2222222222222222,0.0,0.0,0.0,0.1111111111111111,0.0,0.0,0.0,0.0,2
0.3333333333333333,0.0,0.1111111111111111,0.0,0.1111111111111111,0.0,0.1111111111111111,0.0,0.0,2
0.0,0.0,0.0,0.0,0.0,0.0,0.1111111111111111,0.0,0.0,2
0.2222222222222222,0.0,0.0,0.0,0.1111111111111111,0.0,0.0,0.0,0.0,2
0.1111111111111111,0.0,0.0,0.0,0.1111111111111111,0.0,0.0,0.0,0.0,2
0.8888888888888888,0.4444444444444444,0.4444444444444444,0.3333333333333333,0.3333333333333333,0.4444444444444444,0.3333333333333333,0.2222222222222222,0.2222222222222222,4
0.0,0.0,0.0,0.0,0.1111111111111111,0.4444444444444444,0.0,0.0,0.0,2
0.1111111111111111,0.0,0.0,0.0,0.1111111111111111,0.0,0.1111111111111111,0.0,0.0,2
0.0,0.0,0.2222222222222222,0.0,0.1111111111111111,0.0,0.1111111111111111,0.0,0.0,2
0.2222222222222222,0.3333333333333333,0.4444444444444444,0.1111111111111111,0.5555555555555556,0.7777777777777778,0.3333333333333333,0.0,0.0,4
0.0,0.0,0.0,0.0,0.2222222222222222,0.1111111111111111,0.1111111111111111,0.0,0.0,2
0.2222222222222222,0.0,0.0,0.2222222222222222,0.7777777777777778,0.0,0.4444444444444444,0.7777777777777778,0.0,2
0.7777777777777778,0.7777777777777778,0.6666666666666666,0.3333333333333333,1.0,1.0,0.6666666666666666,0.7777777777777778,0.6666666666666666,4
0.0,0.0,0.0,0.0,0.0,0.0,0.2222222222222222,0.0,0.0,2
0.6666666666666666,0.1111111111111111,0.3333333333333333,0.0,0.5555555555555556,1.0,0.4444444444444444,0.3333333333333333,0.2222222222222222,4
1.0,1.0,0.7777777777777778,0.5555555555555556,0.3333333333333333,0.4444444444444444,0.7777777777777778,1.0,0.0,4
0.3333333333333333,0.0,0.0,0.0,0.1111111111111111,0.2222222222222222,0.0,0.0,0.0,2
0.0,0.0,0.0,0.0,0.1111111111111111,0.0,0.0,0.0,0.0,2
0.4444444444444444,0.4444444444444444,0.4444444444444444,0.5555555555555556,0.2222222222222222,1.0,0.2222222222222222,0.0,0.0,4
0.0,0.1111111111111111,0.1111111111111111,0.0,0.1111111111111111,0.0,0.1111111111111111,0.0,0.0,2
0.1111111111111111,0.0,0.0,0.0,0.1111111111111111,0.0,0.2222222222222222,0.0,0.0,2
0.0,0.0,0.1111111111111111,0.0,0.2222222222222222,0.0,0.0,0.0,0.0,2
0.8888888888888888,0.8888888888888888,1.0,0.2222222222222222,0.5555555555555556,1.0,0.6666666666666666,1.0,0.5555555555555556,4
1.0,0.6666666666666666,0.6666666666666666,0.3333333333333333,0.4444444444444444,1.0,0.4444444444444444,0.6666666666666666,0.1111111111111111,4
0.3333333333333333,0.0,0.0,0.0,0.1111111111111111,0.0,0.2222222222222222,0.1111111111111111,0.0,2
0.2222222222222222,0.0,0.0,0.0,0.1111111111111111,0.0,0.2222222222222222,0.0,0.0,2
0.0,0.0,0.0,0.1111111111111111,0.0,0.2222222222222222,0.0,0.0,0.6666666666666666,2
0.4444444444444444,0.0,0.0,0.0,0.1111111111111111,0.0,0.2222222222222222,0.0,0.0,2
0.3333333333333333,0.0,0.0,0.0,0.1111111111111111,0.1111111111111111,0.2222222222222222,0.1111111111111111,0.0,2
0.4444444444444444,0.5555555555555556,0.6666666666666666,0.7777777777777778,0.7777777777777778,1.0,0.2222222222222222,1.0,0.2222222222222222,4
1.0,0.7777777777777778,1.0,1.0,0.5555555555555556,0.0,0.2222222222222222,0.0,1.0,4
0.2222222222222222,0.0,0.0,0.0,0.1111111111111111,0.0,0.2222222222222222,0.0,0.0,2
0.0,0.0,0.0,0.1111111111111111,0.0,0.0,0.0,0.0,0.0,2
0.2222222222222222,0.0,0.0,0.0,0.1111111111111111,0.0,0.0,0.0,0.0,2
0.0,0.0,0.0,0.0,0.1111111111111111,0.0,0.2222222222222222,0.0,0.0,2
0.0,0.0,0.0,0.0,0.1111111111111111,0.0,0.1111111111111111,0.0,0.0,2
0.5555555555555556,1.0,1.0,1.0,0.7777777777777778,1.0,1.0,1.0,0.6666666666666666,4
0.7777777777777778,0.5555555555555556,0.4444444444444444,0.3333333333333333,0.2222222222222222,1.0,0.5555555555555556,0.0,0.0,4
0.4444444444444444,0.7777777777777778,0.6666666666666666,0.6666666666666666,1.0,1.0,0.4444444444444444,0.6666666666666666,0.0,4
0.1111111111111111,0.0,0.0,0.0,0.1111111111111111,0.0,0.2222222222222222,0.0,0.0,2
0.4444444444444444,1.0,1.0,0.2222222222222222,0.7777777777777778,0.0,0.4444444444444444,1.0,0.2222222222222222,4
0.3333333333333333,0.0,0.0,0.0,0.1111111111111111,0.0,0.2222222222222222,0.0,0.0,2
0.4444444444444444,0.2222222222222222,0.2222222222222222,0.2222222222222222,0.5555555555555556,1.0,0.2222222222222222,0.0,0.0,4
0.0,0.0,0.0,0.0,0.0,0.0,0.2222222222222222,0.0,0.0,2
0.0,0.0,0.0,0.0,0.1111111111111111,0.0,0.0,0.0,0.0,2
0.5555555555555556,0.0,0.0,0.0,0.1111111111111111,0.0,0.2222222222222222,0.0,0.0,2
0.4444444444444444,0.7777777777777778,0.7777777777777778,0.7777777777777778,0.4444444444444444,1.0,0.6666666666666666,0.7777777777777778,0.0,4
0.7777777777777778,0.6666666666666666,0.5555555555555556,0.3333333333333333,0.3333333333333333,1.0,0.4444444444444444,0.0,0.0,4
0.1111111111111111,0.0,0.0,0.0,0.0,0.0,0.2222222222222222,0.0,0.0,2
0.0,0.4444444444444444,0.7777777777777778,0.5555555555555556,0.4444444444444444,0.7777777777777778,0.6666666666666666,1.0,0.0,4
1.0,0.4444444444444444,0.5555555555555556,1.0,0.5555555555555556,1.0,0.6666666666666666,0.6666666666666666,1.0,4
0.4444444444444444,0.7777777777777778,0.3333333333333333,1.0,0.4444444444444444,0.7777777777777778,0.8888888888888888,1.0,0.0,4
0.0,0.1111111111111111,0.2222222222222222,0.0,0.1111111111111111,0.0,0.2222222222222222,0.0,0.0,2
1.0,1.0,1.0,0.7777777777777778,0.5555555555555556,0.7777777777777778,0.6666666666666666,1.0,0.0,4
0.6666666666666666,0.4444444444444444,1.0,1.0,1.0,1.0,0.3333333333333333,1.0,0.2222222222222222,4
0.4444444444444444,0.0,0.0,0.0,0.1111111111111111,0.0,0.1111111111111111,0.0,0.0,2
0.0,0.0,0.0,0.0,0.1111111111111111,0.0,0.2222222222222222,0.0,0.0,2
0.2222222222222222,0.0,0.0,0.0,0.1111111111111111,0.0,0.2222222222222222,0.0,0.0,2
0.3333333333333333,0.0,0.0,0.0,0.1111111111111111,0.0,0.2222222222222222,0.0,0.0,2
0.7777777777777778,0.3333333333333333,0.3333333333333333,0.4444444444444444,0.3333333333333333,0.6666666666666666,0.6666666666666666,0.7777777777777778,0.1111111111111111,2
0.4444444444444444,0.0,0.0,0.3333333333333333,0.1111111111111111,0.0,0.2222222222222222,0.0,0.0,2
0.0,0.0,0.0,0.0,0.1111111111111111,0.0,0.0,0.0,0.0,2
0.2222222222222222,0.0,0.0,0.0,0.1111111111111111,0.0,0.1111111111111111,0.0,0.0,2
0.8888888888888888,0.6666666666666666,0.6666666666666666,0.4444444444444444,0.4444444444444444,1.0,0.6666666666666666,0.7777777777777778,0.2222222222222222,4
1.0,0.7777777777777778,0.7777777777777778,0.3333333333333333,1.0,1.0,0.7777777777777778,0.0,0.0,4
0.0,0.0,0.0,0.0,0.1111111111111111,0.0,0.2222222222222222,0.0,0.0,2
0.4444444444444444,0.0,0.0,0.0,0.1111111111111111,0.0,0.2222222222222222,0.0,0.0,2
0.0,0.0,0.0,0.0,0.1111111111111111,0.0,0.2222222222222222,0.0,0.0,2
0.4444444444444444,1.0,1.0,0.8888888888888888,0.5555555555555556,1.0,0.6666666666666666,1.0,0.4444444444444444,4
1.0,1.0,0.8888888888888888,0.2222222222222222,0.6666666666666666,0.4444444444444444,0.2222222222222222,0.4444444444444444,0.0,4
0.0,0.0,0.0,0.0,0.0,0.0,0.2222222222222222,0.0,0.0,2
0.0,0.0,0.0,0.0,0.0,0.0,0.2222222222222222,0.0,0.0,2
0.4444444444444444,0.0,0.0,0.0,0.0,0.0,0.2222222222222222,0.0,0.0,2
0.7777777777777778,1.0,1.0,1.0,0.4444444444444444,1.0,0.7777777777777778,1.0,0.5555555555555556,4
0.7777777777777778,1.0,0.7777777777777778,0.7777777777777778,0.3333333333333333,0.7777777777777778,0.6666666666666666,0.6666666666666666,0.0,4
0.0,0.0,0.0,0.0,0.1111111111111111,0.0,0.2222222222222222,0.0,0.0,2
1.0,1.0,1.0,1.0,0.6666666666666666,1.0,0.6666666666666666,1.0,0.3333333333333333,4
1.0,1.0,1.0,1.0,0.2222222222222222,1.0,1.0,0.5555555555555556,0.0,4
0.7777777777777778,0.6666666666666666,0.7777777777777778,0.6666666666666666,0.4444444444444444,0.4444444444444444,0.4444444444444444,1.0,0.1111111111111111,4
0.0,0.0,0.0,0.0,0.1111111111111111,0.0,0.1111111111111111,0.0,0.0,2
0.0,0.0,0.0,0.0,0.1111111111111111,0.0,0.2222222222222222,0.0,0.0,2
0.5555555555555556,1.0,0.6666666666666666,0.6666666666666666,0.5555555555555556,0.3333333333333333,0.7777777777777778,1.0,0.1111111111111111,4
0.5555555555555556,0.0,0.2222222222222222,0.0,0.1111111111111111,0.0,0.2222222222222222,0.0,0.0,2
0.0,0.0,0.0,0.1111111111111111,0.1111111111111111,0.0,0.2222222222222222,0.0,0.0,2
1.0,0.5555555555555556,0.3333333333333333,0.2222222222222222,1.0,1.0,0.8888888888888888,1.0,0.0,4
0.3333333333333333,0.0,0.0,0.2222222222222222,0.0,0.4444444444444444,0.1111111111111111,0.0,0.0,4
0.6666666666666666,0.4444444444444444,0.5555555555555556,0.2222222222222222,0.2222222222222222,0.7777777777777778,0.6666666666666666,0.3333333333333333,0.0,4
1.0,0.4444444444444444,0.4444444444444444,0.5555555555555556,0.2222222222222222,1.0,0.6666666666666666,0.8888888888888888,0.1111111111111111,4
0.0,0.0,0.0,0.0,0.1111111111111111,0.0,0.1111111111111111,0.0,0.0,2
1.0,0.4444444444444444,0.6666666666666666,0.3333333333333333,0.3333333333333333,1.0,0.7777777777777778,0.8888888888888888,0.0,4
0.7777777777777778,0.8888888888888888,0.8888888888888888,0.4444444444444444,0.2222222222222222,0.4444444444444444,0.6666666666666666,0.6666666666666666,0.0,4
0.0,0.0,0.0,0.0,0.0,0.0,0.2222222222222222,0.0,0.0,2
1.0,1.0,1.0,0.2222222222222222,1.0,1.0,0.8888888888888888,1.0,0.0,4
0.6666666666666666,0.3333333333333333,0.6666666666666666,0.3333333333333333,0.2222222222222222,0.6666666666666666,0.6666666666666666,0.5555555555555556,0.0,4
0.5555555555555556,0.7777777777777778,0.6666666666666666,0.4444444444444444,0.5555555555555556,0.7777777777777778,0.7777777777777778,0.8888888888888888,0.1111111111111111,4
0.7777777777777778,0.3333333333333333,0.5555555555555556,0.2222222222222222,0.2222222222222222,0.0,0.3333333333333333,0.2222222222222222,0.0,2
1.0,0.3333333333333333,0.4444444444444444,0.4444444444444444,0.4444444444444444,1.0,0.3333333333333333,0.0,0.0,4
0.2222222222222222,0.2222222222222222,0.1111111111111111,0.0,0.2222222222222222,0.0,0.2222222222222222,0.5555555555555556,0.0,2
0.2222222222222222,0.0,0.3333333333333333,0.0,0.1111111111111111,0.0,0.2222222222222222,0.0,0.0,2
1.0,0.7777777777777778,0.7777777777777778,0.1111111111111111,0.7777777777777778,1.0,0.3333333333333333,0.7777777777777778,1.0,4
0.8888888888888888,0.7777777777777778,0.7777777777777778,0.4444444444444444,0.5555555555555556,0.1111111111111111,0.3333333333333333,1.0,0.3333333333333333,4
0.7777777777777778,1.0,1.0,0.7777777777777778,0.5555555555555556,0.8888888888888888,0.2222222222222222,1.0,1.0,4
1.0,0.3333333333333333,0.2222222222222222,0.1111111111111111,0.2222222222222222,1.0,0.4444444444444444,0.2222222222222222,0.1111111111111111,4
0.4444444444444444,0.0,0.2222222222222222,0.2222222222222222,0.1111111111111111,0.1111111111111111,0.1111111111111111,0.2222222222222222,0.0,2
0.2222222222222222,0.0,0.0,0.2222222222222222,0.0,0.0,0.2222222222222222,0.0,0.0,2
0.1111111111111111,0.0,0.0,0.0,0.1111111111111111,0.0,0.2222222222222222,0.0,0.0,2
0.0,0.0,0.0,0.0,0.1111111111111111,0.4444444444444444,0.4444444444444444,0.0,0.0,2
0.0,0.0,0.0,0.0,0.1111111111111111,0.0,0.2222222222222222,0.0,0.0,2
0.4444444444444444,0.0,0.0,0.1111111111111111,0.1111111111111111,0.1111111111111111,0.2222222222222222,0.0,0.0,2
0.7777777777777778,1.0,1.0,0.7777777777777778,0.4444444444444444,1.0,0.6666666666666666,0.7777777777777778,0.0,4
0.7777777777777778,0.3333333333333333,0.3333333333333333,0.0,0.1111111111111111,0.8888888888888888,0.2222222222222222,0.2222222222222222,0.0,4
0.3333333333333333,0.0,0.0,0.0,0.1111111111111111,0.0,0.2222222222222222,0.5555555555555556,0.0,2
0.2222222222222222,0.0,0.0,0.0,0.1111111111111111,0.0,0.2222222222222222,0.0,0.0,2
0.0,0.1111111111111111,0.1111111111111111,0.0,0.1111111111111111,0.0,0.0,0.0,0.0,2
1.0,0.3333333333333333,0.3333333333333333,1.0,0.1111111111111111,1.0,0.4444444444444444,0.2222222222222222,0.2222222222222222,4
0.5555555555555556,0.2222222222222222,0.2222222222222222,0.4444444444444444,0.2222222222222222,1.0,0.2222222222222222,0.4444444444444444,0.2222222222222222,2
0.5555555555555556,1.0,1.0,0.1111111111111111,0.7777777777777778,1.0,0.6666666666666666,0.2222222222222222,0.2222222222222222,4
0.8888888888888888,1.0,1.0,0.0,1.0,0.7777777777777778,0.2222222222222222,0.2222222222222222,0.0,4
0.4444444444444444,0.5555555555555556,0.5555555555555556,0.1111111111111111,0.3333333333333333,1.0,0.2222222222222222,0.5555555555555556,0.0,4
0.2222222222222222,0.0,0.0,0.0,0.1111111111111111,0.0,0.0,0.0,0.0,2
0.2222222222222222,0.0,0.0,0.0,0.1111111111111111,0.0,0.1111111111111111,0.0,0.0,2
0.2222222222222222,0.0,0.0,0.0,0.1111111111111111,0.0,0.2222222222222222,0.0,0.0,2
0.4444444444444444,0.6666666666666666,0.6666666666666666,0.0,0.4444444444444444,0.7777777777777778,0.2222222222222222,0.3333333333333333,0.0,2
1.0,0.4444444444444444,0.7777777777777778,1.0,0.2222222222222222,1.0,0.4444444444444444,0.0,0.2222222222222222,4
0.4444444444444444,1.0,1.0,0.5555555555555556,1.0,1.0,1.0,0.5555555555555556,0.4444444444444444,4
0.7777777777777778,0.7777777777777778,0.8888888888888888,0.3333333333333333,0.4444444444444444,1.0,0.6666666666666666,0.7777777777777778,0.0,4
1.0,0.3333333333333333,0.3333333333333333,1.0,0.5555555555555556,1.0,0.4444444444444444,0.4444444444444444,0.0,4
0.6666666666666666,0.8888888888888888,0.3333333333333333,1.0,1.0,0.2222222222222222,0.4444444444444444,0.2222222222222222,0.2222222222222222,4
0.4444444444444444,0.0,0.3333333333333333,0.0,0.1111111111111111,0.0,0.2222222222222222,0.1111111111111111,0.0,2
1.0,1.0,0.5555555555555556,0.2222222222222222,0.2222222222222222,1.0,0.3333333333333333,0.2222222222222222,0.1111111111111111,4
0.2222222222222222,0.2222222222222222,0.4444444444444444,0.1111111111111111,0.2222222222222222,1.0,0.6666666666666666,0.0,0.0,4
1.0,0.7777777777777778,0.7777777777777778,0.1111111111111111,0.2222222222222222,0.3333333333333333,0.7777777777777778,0.6666666666666666,0.7777777777777778,4
0.0,0.0,0.0,0.0,0.1111111111111111,0.0,0.2222222222222222,0.0,0.0,2
0.7777777777777778,0.3333333333333333,0.6666666666666666,0.0,0.2222222222222222,1.0,0.2222222222222222,0.8888888888888888,0.1111111111111111,4
0.4444444444444444,0.0,0.0,0.0,0.1111111111111111,0.0,0.2222222222222222,0.0,0.0,2
0.2222222222222222,0.2222222222222222,0.4444444444444444,0.1111111111111111,0.2222222222222222,1.0,0.6666666666666666,0.0,0.0,4
0.6666666666666666,0.1111111111111111,0.3333333333333333,0.0,0.2222222222222222,0.3333333333333333,0.2222222222222222,0.2222222222222222,0.0,4
0.2222222222222222,0.0,0.0,0.0,0.1111111111111111,0.0,0.2222222222222222,0.1111111111111111,0.0,2
0.2222222222222222,0.0,0.2222222222222222,0.0,0.1111111111111111,0.0,0.1111111111111111,0.0,0.0,2
0.2222222222222222,0.0,0.0,0.0,0.1111111111111111,0.0,0.1111111111111111,0.0,0.0,2
0.0,0.0,0.0,0.0,0.1111111111111111,0.0,0.1111111111111111,0.0,0.0,2
0.0,0.0,0.0,0.0,0.1111111111111111,0.0,0.2222222222222222,0.0,0.0,2
1.0,0.4444444444444444,0.6666666666666666,0.2222222222222222,0.2222222222222222,0.6666666666666666,0.2222222222222222,0.2222222222222222,0.7777777777777778,4
0.2222222222222222,0.0,0.0,0.0,0.1111111111111111,0.0,0.2222222222222222,0.0,0.0,2
0.1111111111111111,0.0,0.0,0.1111111111111111,0.1111111111111111,0.0,0.2222222222222222,0.0,0.0,2
0.0,0.3333333333333333,0.2222222222222222,1.0,0.3333333333333333,1.0,0.4444444444444444,0.5555555555555556,0.0,4
1.0,0.3333333333333333,0.5555555555555556,0.0,0.1111111111111111,1.0,0.4444444444444444,0.2222222222222222,0.0,4
0.6666666666666666,0.3333333333333333,0.4444444444444444,1.0,0.1111111111111111,1.0,0.2222222222222222,0.7777777777777778,0.1111111111111111,4
0.7777777777777778,1.0,1.0,1.0,0.7777777777777778,1.0,1.0,0.6666666666666666,0.2222222222222222,4
1.0,1.0,1.0,1.0,1.0,1.0,0.3333333333333333,1.0,1.0,4
0.2222222222222222,0.0,0.0,0.0,0.2222222222222222,0.0,0.1111111111111111,0.0,0.0,2
0.5555555555555556,0.0,0.2222222222222222,0.0,0.3333333333333333,0.4444444444444444,0.4444444444444444,1.0,0.0,4
0.4444444444444444,0.5555555555555556,0.5555555555555556,0.7777777777777778,0.5555555555555556,1.0,0.3333333333333333,1.0,0.3333333333333333,4
0.0,0.0,0.0,0.0,0.1111111111111111,0.0,0.0,0.0,0.0,2
0.0,0.0,0.0,0.0,0.1111111111111111,0.0,0.2222222222222222,0.0,0.0,2
0.7777777777777778,0.7777777777777778,0.7777777777777778,0.0,0.1111111111111111,0.0,0.5555555555555556,1.0,0.0,4
1.0,0.3333333333333333,0.3333333333333333,0.5555555555555556,0.1111111111111111,1.0,0.1111111111111111,0.2222222222222222,0.0,4
0.0,0.0,0.0,0.0,0.1111111111111111,0.0,0.1111111111111111,0.0,0.0,2
0.4444444444444444,0.4444444444444444,0.6666666666666666,0.7777777777777778,0.5555555555555556,1.0,0.6666666666666666,0.3333333333333333,0.0,4
0.4444444444444444,0.2222222222222222,0.3333333333333333,0.2222222222222222,0.3333333333333333,0.4444444444444444,0.3333333333333333,0.6666666666666666,0.0,2
0.4444444444444444,0.3333333333333333,0.2222222222222222,0.0,0.1111111111111111,0.0,0.1111111111111111,0.2222222222222222,0.0,2
0.7777777777777778,0.1111111111111111,0.0,0.0,0.4444444444444444,0.0,0.0,0.0,0.0,2
0.8888888888888888,0.0,0.1111111111111111,0.5555555555555556,0.3333333333333333,1.0,0.6666666666666666,0.6666666666666666,0.1111111111111111,4
0.7777777777777778,0.3333333333333333,1.0,0.4444444444444444,0.3333333333333333,0.3333333333333333,0.6666666666666666,1.0,0.0,4
0.0,0.0,0.0,0.0,0.1111111111111111,0.0,0.2222222222222222,0.0,0.0,2
1.0,1.0,1.0,0.6666666666666666,0.8888888888888888,1.0,0.6666666666666666,1.0,1.0,4
0.0,0.0,0.0,0.0,0.1111111111111111,0.0,0.2222222222222222,0.0,0.0,2
0.7777777777777778,0.2222222222222222,0.3333333333333333,0.8888888888888888,0.2222222222222222,1.0,0.2222222222222222,0.2222222222222222,0.0,4
1.0,0.7777777777777778,0.3333333333333333,0.3333333333333333,0.3333333333333333,1.0,0.2222222222222222,1.0,0.3333333333333333,4
0.0,0.0,0.0,0.0,0.1111111111111111,0.0,0.2222222222222222,0.0,0.0,2
0.0,0.0,0.0,0.0,0.1111111111111111,0.0,0.2222222222222222,0.0,0.0,2
0.6666666666666666,0.7777777777777778,0.6666666666666666,0.5555555555555556,0.3333333333333333,0.2222222222222222,0.7777777777777778,0.7777777777777778,0.3333333333333333,4
0.2222222222222222,0.0,0.0,0.0,0.1111111111111111,0.4444444444444444,0.4444444444444444,0.0,0.0,2
0.1111111111111111,0.0,0.0,0.0,0.2222222222222222,0.0,0.1111111111111111,0.0,0.0,2
0.0,0.0,0.0,0.0,0.1111111111111111,0.0,0.0,0.0,0.0,2
0.7777777777777778,0.5555555555555556,0.3333333333333333,1.0,1.0,0.0,0.2222222222222222,0.4444444444444444,0.0,4
0.0,0.0,0.0,0.0,0.1111111111111111,0.0,0.0,0.0,0.0,2
0.0,0.0,0.0,0.0,0.0,0.0,0.1111111111111111,0.0,0.0,2
0.3333333333333333,0.5555555555555556,0.4444444444444444,0.5555555555555556,0.6666666666666666,0.0,0.3333333333333333,0.8888888888888888,0.0,2
0.4444444444444444,0.4444444444444444,0.4444444444444444,0.1111111111111111,0.4444444444444444,1.0,0.3333333333333333,0.2222222222222222,0.0,4
0.5555555555555556,0.7777777777777778,0.6666666666666666,0.7777777777777778,0.5555555555555556,0.7777777777777778,0.7777777777777778,0.8888888888888888,0.0,4
0.0,0.0,0.0,0.0,0.4444444444444444,0.0,0.2222222222222222,0.0,0.0,2
0.3333333333333333,0.3333333333333333,0.3333333333333333,0.3333333333333333,0.5555555555555556,0.4444444444444444,0.6666666666666666,0.2222222222222222,0.0,2
0.6666666666666666,0.5555555555555556,0.2222222222222222,0.1111111111111111,0.4444444444444444,1.0,0.6666666666666666,0.3333333333333333,0.5555555555555556,4
0.2222222222222222,0.0,0.0,0.0,0.1111111111111111,0.0,0.2222222222222222,0.0,0.0,2
0.2222222222222222,0.0,0.0,0.0,0.1111111111111111,0.0,0.2222222222222222,0.0,0.0,2
0.4444444444444444,0.3333333333333333,0.5555555555555556,1.0,0.1111111111111111,1.0,0.3333333333333333,0.0,0.0,4
0.0,0.0,0.0,0.0,0.1111111111111111,0.0,0.2222222222222222,0.0,0.0,2
0.2222222222222222,0.1111111111111111,0.1111111111111111,0.0,0.1111111111111111,0.0,0.1111111111111111,0.2222222222222222,0.0,2
1.0,0.0,0.0,0.0,0.1111111111111111,1.0,0.4444444444444444,0.3333333333333333,0.0,4
0.0,0.0,0.0,0.0,0.1111111111111111,0.0,0.1111111111111111,0.0,0.0,2
0.7777777777777778,1.0,0.2222222222222222,0.1111111111111111,0.5555555555555556,0.3333333333333333,0.2222222222222222,1.0,0.0,4
1.0,0.3333333333333333,0.5555555555555556,0.3333333333333333,0.4444444444444444,1.0,0.6666666666666666,0.0,0.0,4
1.0,0.3333333333333333,0.6666666666666666,0.1111111111111111,0.1111111111111111,0.7777777777777778,0.5555555555555556,0.0,0.0,4
0.4444444444444444,0.0,0.0,0.0,0.1111111111111111,0.0,0.2222222222222222,0.0,0.1111111111111111,2
0.4444444444444444,0.1111111111111111,0.1111111111111111,0.1111111111111111,0.1111111111111111,0.0,0.1111111111111111,0.1111111111111111,0.0,2
0.4444444444444444,0.3333333333333333,0.5555555555555556,0.5555555555555556,0.3333333333333333,1.0,0.3333333333333333,0.2222222222222222,0.0,4
0.7777777777777778,0.5555555555555556,0.6666666666666666,0.2222222222222222,0.2222222222222222,1.0,0.2222222222222222,0.3333333333333333,0.1111111111111111,4
0.0,0.0,0.0,0.0,0.1111111111111111,0.0,0.0,0.0,0.0,2
0.5555555555555556,0.4444444444444444,0.4444444444444444,0.7777777777777778,0.3333333333333333,1.0,0.2222222222222222,0.3333333333333333,0.0,4
0.0,0.0,0.0,0.0,0.1111111111111111,0.0,0.2222222222222222,0.0,0.0,2
0.0,0.0,0.0,0.0,0.0,0.0,0.1111111111111111,0.0,0.0,2
0.7777777777777778,0.4444444444444444,0.4444444444444444,0.4444444444444444,0.1111111111111111,1.0,0.3333333333333333,0.2222222222222222,0.0,4
1.0,0.2222222222222222,0.2222222222222222,0.0,0.1111111111111111,1.0,0.6666666666666666,0.5555555555555556,0.0,4
0.0,0.0,0.0,0.0,0.1111111111111111,0.0,0.2222222222222222,0.0,0.0,2
0.1111111111111111,0.0,0.0,0.0,0.1111111111111111,0.0,0.0,0.0,0.0,2
0.0,0.0,0.0,0.0,0.1111111111111111,0.0,0.0,0.0,0.0,2
0.6666666666666666,0.5555555555555556,0.3333333333333333,0.7777777777777778,1.0,1.0,0.8888888888888888,0.4444444444444444,0.2222222222222222,4
0.0,0.0,0.0,0.0,0.1111111111111111,0.0,0.0,0.0,0.0,2
0.4444444444444444,0.1111111111111111,0.1111111111111111,0.1111111111111111,0.2222222222222222,0.0,0.0,0.2222222222222222,0.0,2
0.0,0.0,0.0,0.0,0.0,0.0,0.0,0.2222222222222222,0.0,2
0.2222222222222222,0.3333333333333333,0.3333333333333333,1.0,0.4444444444444444,0.0,0.2222222222222222,0.2222222222222222,0.0,4
0.3333333333333333,0.1111111111111111,0.2222222222222222,0.4444444444444444,0.2222222222222222,0.7777777777777778,0.6666666666666666,0.5555555555555556,0.0,4
0.4444444444444444,0.0,0.0,0.2222222222222222,0.1111111111111111,0.0,0.0,0.0,0.0,2
0.1111111111111111,0.0,0.0,0.0,0.1111111111111111,0.0,0.2222222222222222,0.0,0.0,2
0.2222222222222222,0.3333333333333333,0.4444444444444444,0.2222222222222222,0.6666666666666666,0.2222222222222222,0.3333333333333333,0.5555555555555556,0.0,2
0.1111111111111111,0.6666666666666666,1.0,1.0,0.6666666666666666,1.0,0.3333333333333333,0.8888888888888888,0.3333333333333333,4
0.0,0.0,0.0,0.0,0.1111111111111111,0.0,0.1111111111111111,0.0,0.0,2
0.3333333333333333,0.0,0.0,0.0,0.2222222222222222,0.0,0.1111111111111111,0.1111111111111111,0.0,2
0.4444444444444444,0.2222222222222222,0.2222222222222222,0.0,0.2222222222222222,0.2222222222222222,0.2222222222222222,0.2222222222222222,0.2222222222222222,4
0.7777777777777778,1.0,1.0,0.6666666666666666,1.0,1.0,0.6666666666666666,0.2222222222222222,0.7777777777777778,4
0.7777777777777778,1.0,0.4444444444444444,0.2222222222222222,0.7777777777777778,0.3333333333333333,0.3333333333333333,1.0,0.2222222222222222,4
1.0,0.2222222222222222,0.4444444444444444,0.3333333333333333,0.2222222222222222,0.6666666666666666,0.2222222222222222,0.4444444444444444,0.2222222222222222,4
0.5555555555555556,1.0,1.0,1.0,1.0,1.0,0.7777777777777778,1.0,1.0,4
0.2222222222222222,1.0,0.2222222222222222,1.0,0.5555555555555556,1.0,0.4444444444444444,0.0,0.3333333333333333,4
0.2222222222222222,0.1111111111111111,0.1111111111111111,0.0,0.3333333333333333,0.2222222222222222,0.1111111111111111,0.0,0.0,2
0.3333333333333333,0.3333333333333333,0.3333333333333333,0.1111111111111111,0.1111111111111111,0.2222222222222222,0.1111111111111111,0.0,0.0,2
0.1111111111111111,0.0,0.0,0.0,0.1111111111111111,0.0,0.2222222222222222,0.0,0.0,2
0.1111111111111111,0.0,0.0,0.0,0.1111111111111111,0.0,0.1111111111111111,0.0,0.0,2
0.5555555555555556,1.0,1.0,1.0,0.7777777777777778,1.0,0.6666666666666666,1.0,0.6666666666666666,4
0.4444444444444444,0.7777777777777778,0.7777777777777778,1.0,0.4444444444444444,1.0,0.7777777777777778,1.0,0.2222222222222222,4
0.0,0.0,0.2222222222222222,0.0,0.1111111111111111,0.0,0.0,0.0,0.0,2
0.0,0.0,0.2222222222222222,0.0,0.0,0.0,0.1111111111111111,0.0,0.0,2
0.3333333333333333,0.2222222222222222,0.1111111111111111,0.0,0.2222222222222222,0.0,0.1111111111111111,0.0,0.0,2
0.0,0.0,0.2222222222222222,0.0,0.1111111111111111,0.0,0.0,0.0,0.0,2
0.3333333333333333,0.0,0.1111111111111111,0.0,0.1111111111111111,0.0,0.1111111111111111,0.0,0.0,2
0.4444444444444444,0.0,0.0,0.1111111111111111,0.1111111111111111,0.0,0.1111111111111111,0.0,0.0,2
0.2222222222222222,0.0,0.1111111111111111,0.0,0.1111111111111111,0.0,0.1111111111111111,0.0,0.0,2
0.0,0.0,0.0,0.0,0.1111111111111111,0.0,0.0,0.0,0.0,2
0.0,0.0,0.0,0.0,0.1111111111111111,0.0,0.1111111111111111,0.0,0.0,2
0.0,0.0,0.0,0.0,0.0,0.0,0.1111111111111111,0.0,0.0,2
0.2222222222222222,0.0,0.0,0.3333333333333333,0.2222222222222222,0.0,0.1111111111111111,0.1111111111111111,0.0,2
0.4444444444444444,0.2222222222222222,0.3333333333333333,0.0,0.3333333333333333,0.0,0.2222222222222222,0.0,0.0,2
0.0,0.0,0.0,0.0,0.1111111111111111,0.0,0.0,0.0,0.0,2
1.0,0.5555555555555556,0.2222222222222222,0.5555555555555556,0.3333333333333333,1.0,0.6666666666666666,0.7777777777777778,0.3333333333333333,4
0.2222222222222222,0.1111111111111111,0.1111111111111111,0.1111111111111111,0.1111111111111111,0.0,0.2222222222222222,0.1111111111111111,0.0,2
0.1111111111111111,0.0,0.0,0.0,0.1111111111111111,0.0,0.0,0.0,0.0,2
0.1111111111111111,0.0,0.0,0.0,0.1111111111111111,0.0,0.0,0.0,0.0,2
0.2222222222222222,0.2222222222222222,0.1111111111111111,0.1111111111111111,0.2222222222222222,0.0,0.0,0.1111111111111111,0.2222222222222222,2
0.6666666666666666,0.5555555555555556,0.5555555555555556,0.2222222222222222,0.1111111111111111,1.0,0.6666666666666666,0.0,0.0,4
0.4444444444444444,0.2222222222222222,0.2222222222222222,0.1111111111111111,0.2222222222222222,0.0,0.2222222222222222,0.0,0.0,2
0.1111111111111111,0.0,0.0,0.0,0.1111111111111111,0.0,0.1111111111111111,0.1111111111111111,0.0,2
0.4444444444444444,0.0,0.0,0.0,0.2222222222222222,0.1111111111111111,0.1111111111111111,0.1111111111111111,0.0,2
0.0,0.0,0.0,0.1111111111111111,0.1111111111111111,0.0,0.1111111111111111,0.0,0.0,2
1.0,0.7777777777777778,0.6666666666666666,0.3333333333333333,0.2222222222222222,1.0,0.6666666666666666,0.8888888888888888,0.0,4
0.2222222222222222,0.0,0.0,0.0,0.1111111111111111,0.0,0.1111111111111111,0.0,0.0,2
0.0,0.0,0.0,0.0,0.0,0.0,0.0,0.0,0.0,2
0.0,0.1111111111111111,0.2222222222222222,0.0,0.1111111111111111,0.0,0.1111111111111111,0.0,0.0,2
0.2222222222222222,0.0,0.0,0.0,0.1111111111111111,0.0,0.1111111111111111,0.0,0.0,2
0.2222222222222222,0.0,0.0,0.0,0.1111111111111111,0.0,0.2222222222222222,0.0,0.0,2
0.3333333333333333,0.0,0.0,0.0,0.1111111111111111,0.0,0.0,0.0,0.0,2
0.2222222222222222,0.1111111111111111,0.0,0.0,0.1111111111111111,0.0,0.1111111111111111,0.1111111111111111,0.0,2
0.0,0.1111111111111111,0.2222222222222222,0.0,0.1111111111111111,0.0,0.0,0.0,0.0,2
0.2222222222222222,1.0,0.7777777777777778,0.6666666666666666,0.5555555555555556,0.8888888888888888,0.8888888888888888,0.2222222222222222,0.7777777777777778,4
0.2222222222222222,0.0,0.0,0.0,0.1111111111111111,0.0,0.0,0.0,0.0,2
0.4444444444444444,0.2222222222222222,0.2222222222222222,0.0,0.1111111111111111,0.0,0.1111111111111111,0.0,0.0,2
0.2222222222222222,0.0,0.0,0.0,0.1111111111111111,0.3333333333333333,0.0,0.0,0.0,2
0.0,0.1111111111111111,0.0,0.2222222222222222,0.1111111111111111,0.0,0.0,0.1111111111111111,0.0,2
0.0,0.0,0.0,0.0,0.1111111111111111,0.0,0.1111111111111111,0.0,0.0,2
0.3333333333333333,0.1111111111111111,0.1111111111111111,0.0,0.1111111111111111,0.0,0.1111111111111111,0.0,0.0,2
0.0,0.0,0.0,0.0,0.1111111111111111,0.0,0.1111111111111111,0.0,0.0,2
0.1111111111111111,0.2222222222222222,0.1111111111111111,0.1111111111111111,0.1111111111111111,0.1111111111111111,0.2222222222222222,0.0,0.0,2
0.2222222222222222,0.0,0.1111111111111111,0.0,0.1111111111111111,0.0,0.1111111111111111,0.0,0.0,2
0.0,0.0,0.0,0.0,0.1111111111111111,0.0,0.1111111111111111,0.0,0.0,2
0.0,0.0,0.0,0.0,0.0,0.0,0.1111111111111111,0.0,0.0,2
1.0,1.0,1.0,0.5555555555555556,0.7777777777777778,0.3333333333333333,0.7777777777777778,0.4444444444444444,0.0,4
0.4444444444444444,0.0,0.1111111111111111,0.0,0.1111111111111111,0.0,0.2222222222222222,0.0,0.0,2
0.7777777777777778,0.4444444444444444,0.5555555555555556,0.1111111111111111,0.2222222222222222,1.0,0.5555555555555556,0.5555555555555556,0.0,4
0.2222222222222222,0.2222222222222222,0.1111111111111111,0.5555555555555556,0.2222222222222222,0.2222222222222222,0.2222222222222222,0.4444444444444444,0.0,2
0.7777777777777778,0.6666666666666666,0.7777777777777778,0.4444444444444444,1.0,1.0,0.6666666666666666,0.1111111111111111,0.0,4
0.0,0.0,0.0,0.0,0.1111111111111111,0.0,0.1111111111111111,0.0,0.0,2
0.4444444444444444,0.1111111111111111,0.1111111111111111,0.1111111111111111,0.1111111111111111,0.1111111111111111,0.2222222222222222,0.1111111111111111,0.1111111111111111,2
0.1111111111111111,0.2222222222222222,0.0,0.0,0.4444444444444444,0.0,0.0,0.0,0.0,2
0.2222222222222222,0.1111111111111111,0.1111111111111111,0.2222222222222222,0.1111111111111111,0.2222222222222222,0.2222222222222222,0.0,0.0,2
1.0,1.0,1.0,0.6666666666666666,1.0,1.0,0.7777777777777778,0.1111111111111111,0.0,4
0.3333333333333333,0.2222222222222222,0.2222222222222222,0.0,0.1111111111111111,0.0,0.2222222222222222,0.2222222222222222,0.0,2
0.4444444444444444,0.0,0.2222222222222222,0.0,0.1111111111111111,0.0,0.1111111111111111,0.0,0.0,2
0.2222222222222222,0.0,0.0,0.0,0.1111111111111111,0.0,0.0,0.0,0.0,2
0.8888888888888888,1.0,1.0,1.0,1.0,1.0,1.0,1.0,0.0,4
0.4444444444444444,0.2222222222222222,0.5555555555555556,0.0,0.1111111111111111,0.0,0.0,0.0,0.0,2
0.7777777777777778,0.6666666666666666,0.7777777777777778,0.1111111111111111,0.3333333333333333,0.1111111111111111,0.4444444444444444,1.0,0.0,4
0.0,0.0,0.0,0.0,0.1111111111111111,0.0,0.1111111111111111,0.0,0.0,2
0.1111111111111111,0.0,0.0,0.0,0.1111111111111111,0.0,0.1111111111111111,0.0,0.0,2
0.0,0.2222222222222222,0.0,0.0,0.1111111111111111,0.0,0.1111111111111111,0.1111111111111111,0.0,2
0.4444444444444444,0.0,0.0,0.2222222222222222,0.3333333333333333,0.0,0.2222222222222222,0.1111111111111111,0.0,2
0.4444444444444444,0.0,0.0,0.0,0.1111111111111111,0.0,0.1111111111111111,0.1111111111111111,0.0,2
0.2222222222222222,0.1111111111111111,0.1111111111111111,0.2222222222222222,0.1111111111111111,0.0,0.0,0.0,0.0,2
0.5555555555555556,0.8888888888888888,0.6666666666666666,0.4444444444444444,0.4444444444444444,0.7777777777777778,0.3333333333333333,0.1111111111111111,0.0,2
1.0,0.7777777777777778,1.0,0.0,0.2222222222222222,1.0,0.4444444444444444,0.0,0.0,4
1.0,1.0,1.0,0.0,0.5555555555555556,0.0,0.1111111111111111,0.7777777777777778,0.0,4
0.3333333333333333,0.0,0.0,0.0,0.1111111111111111,0.0,0.0,0.0,0.0,2
0.3333333333333333,0.0,0.2222222222222222,0.2222222222222222,0.1111111111111111,0.0,0.0,0.0,0.0,2
0.4444444444444444,0.0,0.0,0.0,0.1111111111111111,0.0,0.0,0.0,0.0,2
1.0,0.3333333333333333,0.2222222222222222,1.0,0.3333333333333333,1.0,1.0,0.0,0.0,4
0.4444444444444444,0.1111111111111111,0.1111111111111111,0.3333333333333333,0.1111111111111111,0.3333333333333333,0.0,0.0,0.0,2
0.0,0.0,0.0,0.2222222222222222,0.1111111111111111,0.2222222222222222,0.0,0.0,0.0,2
0.0,0.0,0.0,0.0,0.1111111111111111,0.1111111111111111,0.0,0.0,0.0,2
0.4444444444444444,0.0,0.0,0.5555555555555556,0.2222222222222222,0.0,0.1111111111111111,0.0,0.0,2
0.1111111111111111,0.0,0.0,0.0,0.1111111111111111,0.0,0.0,0.0,0.0,2
0.0,0.0,0.0,0.0,0.1111111111111111,0.0,0.0,0.0,0.0,2
0.4444444444444444,0.0,0.0,0.0,0.1111111111111111,0.0,0.0,0.0,0.0,2
0.0,0.0,0.0,0.0,0.0,0.0,0.0,0.0,0.0,2
0.4444444444444444,0.6666666666666666,0.8888888888888888,0.7777777777777778,0.5555555555555556,1.0,0.7777777777777778,1.0,0.0,4
0.3333333333333333,0.0,0.0,0.2222222222222222,0.0,0.0,0.1111111111111111,0.0,0.0,2
0.4444444444444444,0.0,0.0,0.0,0.1111111111111111,0.0,0.0,0.0,0.0,2
0.2222222222222222,0.0,0.0,0.2222222222222222,0.1111111111111111,0.0,0.0,0.0,0.0,2
0.3333333333333333,0.4444444444444444,0.4444444444444444,0.7777777777777778,0.5555555555555556,1.0,1.0,0.6666666666666666,0.0,4
0.1111111111111111,0.2222222222222222,0.0,0.0,0.2222222222222222,0.0,0.0,0.0,0.0,2
1.0,0.1111111111111111,0.1111111111111111,0.0,0.1111111111111111,0.5555555555555556,0.0,0.0,0.1111111111111111,4
1.0,0.5555555555555556,0.4444444444444444,0.7777777777777778,0.4444444444444444,1.0,0.7777777777777778,0.5555555555555556,0.0,4
0.7777777777777778,0.7777777777777778,0.8888888888888888,0.5555555555555556,0.5555555555555556,0.2222222222222222,1.0,1.0,0.0,4
0.4444444444444444,0.0,0.1111111111111111,0.0,0.1111111111111111,0.0,0.0,0.0,0.0,2
0.4444444444444444,0.0,0.2222222222222222,0.0,0.1111111111111111,0.0,0.0,0.0,0.0,2
0.4444444444444444,0.0,0.0,0.2222222222222222,0.1111111111111111,0.0,0.0,0.0,0.0,2
0.2222222222222222,0.0,0.0,0.0,0.1111111111111111,0.4444444444444444,0.0,0.0,0.0,2
0.5555555555555556,0.0,0.0,0.2222222222222222,0.1111111111111111,0.0,0.0,0.0,0.0,2
0.3333333333333333,0.0,0.0,0.0,0.1111111111111111,0.0,0.0,0.1111111111111111,0.0,2
0.3333333333333333,0.0,0.0,0.0,0.1111111111111111,0.0,0.0,0.0,0.0,2
1.0,0.8888888888888888,0.7777777777777778,0.6666666666666666,0.5555555555555556,0.3333333333333333,0.6666666666666666,1.0,0.2222222222222222,4
1.0,0.5555555555555556,0.5555555555555556,0.1111111111111111,0.3333333333333333,1.0,0.8888888888888888,0.6666666666666666,0.0,4
0.5555555555555556,0.5555555555555556,0.5555555555555556,0.4444444444444444,0.3333333333333333,1.0,0.6666666666666666,0.5555555555555556,0.1111111111111111,4
0.3333333333333333,0.0,0.0,0.0,0.1111111111111111,0.0,0.0,0.0,0.0,2
0.0,0.0,0.1111111111111111,0.0,0.1111111111111111,0.0,0.1111111111111111,0.0,0.0,2
0.2222222222222222,0.0,0.0,0.0,0.0,0.0,0.1111111111111111,0.0,0.0,2
0.5555555555555556,0.0,0.0,0.2222222222222222,0.1111111111111111,0.0,0.0,0.0,0.0,2
0.5555555555555556,0.0,0.0,0.0,0.0,0.0,0.0,0.0,0.0,2
0.3333333333333333,0.0,0.0,0.0,0.1111111111111111,0.0,0.0,0.0,0.0,2
0.4444444444444444,0.0,0.0,0.0,0.1111111111111111,0.0,0.0,0.0,0.0,2
0.2222222222222222,0.0,0.0,0.0,0.1111111111111111,0.0,0.0,0.0,0.0,2
0.3333333333333333,0.0,0.1111111111111111,0.0,0.1111111111111111,0.0,0.0,0.0,0.0,2
0.3333333333333333,0.0,0.0,0.0,0.1111111111111111,0.0,0.0,0.0,0.0,2
0.4444444444444444,0.1111111111111111,0.0,0.0,0.1111111111111111,0.0,0.0,0.0,0.0,2
0.3333333333333333,0.7777777777777778,0.6666666666666666,1.0,0.3333333333333333,1.0,0.6666666666666666,0.4444444444444444,0.0,4
0.4444444444444444,0.0,0.0,0.0,0.0,0.0,0.0,0.0,0.0,2
0.4444444444444444,0.2222222222222222,0.1111111111111111,0.3333333333333333,0.1111111111111111,0.0,0.0,0.0,0.0,2
0.8888888888888888,1.0,1.0,1.0,1.0,0.4444444444444444,1.0,1.0,1.0,4
0.7777777777777778,0.6666666666666666,0.7777777777777778,0.4444444444444444,0.4444444444444444,1.0,0.8888888888888888,1.0,0.0,4
0.4444444444444444,0.0,0.1111111111111111,0.0,0.1111111111111111,0.0,0.0,0.0,0.0,2
0.0,0.0,0.0,0.2222222222222222,0.0,0.2222222222222222,0.0,0.0,0.0,2
0.2222222222222222,0.0,0.0,0.0,0.0,0.0,0.1111111111111111,0.0,0.0,2
1.0,1.0,1.0,1.0,0.5555555555555556,1.0,0.7777777777777778,0.0,0.4444444444444444,4
0.2222222222222222,0.5555555555555556,0.3333333333333333,1.0,0.2222222222222222,0.2222222222222222,0.2222222222222222,0.3333333333333333,0.0,4
0.5555555555555556,0.2222222222222222,0.1111111111111111,0.0,0.2222222222222222,0.3333333333333333,0.3333333333333333,0.0,0.0,4
0.0,0.0,0.0,0.0,0.1111111111111111,0.0,0.0,0.0,0.0,2
0.4444444444444444,0.7777777777777778,0.8888888888888888,0.3333333333333333,0.2222222222222222,1.0,0.6666666666666666,0.0,0.0,4
0.3333333333333333,0.0,0.0,0.0,0.0,0.0,0.1111111111111111,0.0,0.0,2
0.4444444444444444,1.0,1.0,1.0,0.5555555555555556,1.0,0.5555555555555556,0.4444444444444444,0.1111111111111111,4
0.4444444444444444,0.0,0.1111111111111111,1.0,0.3333333333333333,0.4444444444444444,0.1111111111111111,0.0,0.0,2
0.2222222222222222,0.0,0.0,0.0,0.0,0.0,0.1111111111111111,0.0,0.0,2
0.0,0.0,0.0,0.0,0.0,0.0,0.0,0.0,0.0,2
0.3333333333333333,0.1111111111111111,0.0,0.0,0.1111111111111111,0.0,0.0,0.0,0.0,2
0.3333333333333333,0.0,0.0,0.0,0.1111111111111111,0.0,0.1111111111111111,0.0,0.0,2
0.3333333333333333,0.0,0.0,0.0,0.1111111111111111,0.0,0.1111111111111111,0.0,0.0,2
0.5555555555555556,0.0,0.0,0.0,0.1111111111111111,0.0,0.2222222222222222,0.0,0.0,2
0.3333333333333333,0.0,0.0,0.0,0.1111111111111111,0.0,0.1111111111111111,0.0,0.0,2
0.3333333333333333,0.0,0.0,0.1111111111111111,0.1111111111111111,0.0,0.1111111111111111,0.0,0.0,2
0.3333333333333333,0.0,0.0,0.0,0.1111111111111111,0.0,0.2222222222222222,0.0,0.0,2
0.0,0.0,0.0,0.0,0.1111111111111111,0.0,0.0,0.0,0.0,2
0.2222222222222222,0.2222222222222222,0.0,0.0,0.1111111111111111,0.0,0.0,0.0,0.0,2
0.7777777777777778,1.0,1.0,1.0,0.6666666666666666,0.4444444444444444,0.3333333333333333,0.7777777777777778,0.6666666666666666,4
0.0,0.0,0.0,0.0,0.1111111111111111,0.3333333333333333,0.0,0.0,0.0,2
0.4444444444444444,0.0,0.0,0.0,0.1111111111111111,0.0,0.0,0.0,0.0,2
0.1111111111111111,0.0,0.0,0.0,0.1111111111111111,0.0,0.0,0.0,0.0,2
0.0,0.0,0.0,0.0,0.1111111111111111,0.0,0.0,0.0,0.0,2
0.4444444444444444,0.0,0.0,0.0,0.1111111111111111,0.0,0.1111111111111111,0.0,0.0,2
0.4444444444444444,0.0,0.0,0.0,0.1111111111111111,0.0,0.0,0.0,0.0,2
0.2222222222222222,0.0,0.0,0.0,0.0,0.0,0.1111111111111111,0.0,0.0,2
0.5555555555555556,0.5555555555555556,0.6666666666666666,1.0,0.2222222222222222,1.0,0.7777777777777778,1.0,0.1111111111111111,4
0.3333333333333333,1.0,0.3333333333333333,0.6666666666666666,0.2222222222222222,1.0,0.8888888888888888,1.0,0.0,4
0.0,0.0,0.0,0.0,0.0,0.0,0.0,0.0,0.0,2
0.0,0.0,0.0,0.0,0.0,0.0,0.1111111111111111,0.0,0.0,2
0.2222222222222222,0.0,0.1111111111111111,0.1111111111111111,0.1111111111111111,0.0,0.0,0.0,0.0,2
0.3333333333333333,0.6666666666666666,0.7777777777777778,0.2222222222222222,0.3333333333333333,1.0,0.8888888888888888,0.0,0.0,4
0.0,0.0,0.0,0.0,0.2222222222222222,0.0,0.0,0.0,0.0,2
0.3333333333333333,0.0,0.0,0.0,0.2222222222222222,0.0,0.0,0.0,0.0,2
1.0,0.3333333333333333,0.4444444444444444,0.3333333333333333,0.2222222222222222,0.4444444444444444,0.6666666666666666,0.2222222222222222,0.0,4
0.6666666666666666,0.4444444444444444,0.5555555555555556,1.0,0.3333333333333333,1.0,0.4444444444444444,0.2222222222222222,0.0,4
0.2222222222222222,0.0,0.0,0.0,0.1111111111111111,0.0,0.1111111111111111,0.0,0.0,2
0.2222222222222222,0.0,0.0,0.1111111111111111,0.1111111111111111,0.0,0.0,0.0,0.0,2
0.3333333333333333,0.0,0.0,0.0,0.1111111111111111,0.0,0.0,0.0,0.0,2
0.3333333333333333,0.0,0.0,0.0,0.1111111111111111,0.0,0.2222222222222222,0.0,0.0,2
0.5555555555555556,0.0,0.2222222222222222,0.1111111111111111,0.1111111111111111,0.0,0.0,0.0,0.0,2
0.3333333333333333,0.0,0.0,0.0,0.0,0.0,0.1111111111111111,0.0,0.0,2
0.6666666666666666,0.3333333333333333,0.3333333333333333,0.2222222222222222,0.3333333333333333,1.0,0.5555555555555556,0.8888888888888888,0.0,4
0.3333333333333333,0.1111111111111111,0.1111111111111111,0.0,0.1111111111111111,0.0,0.1111111111111111,0.0,0.0,2
0.0,0.0,0.0,0.0,0.0,0.0,0.2222222222222222,0.0,0.0,2
0.2222222222222222,0.0,0.0,0.0,0.1111111111111111,0.0,0.1111111111111111,0.0,0.0,2
0.1111111111111111,0.0,0.0,0.0,0.1111111111111111,0.0,0.1111111111111111,0.0,0.0,2
0.0,0.0,0.2222222222222222,0.1111111111111111,0.1111111111111111,0.0,0.2222222222222222,0.0,0.0,2
0.4444444444444444,0.0,0.0,0.0,0.1111111111111111,0.0,0.2222222222222222,0.0,0.0,2
0.4444444444444444,0.0,0.1111111111111111,0.0,0.1111111111111111,0.0,0.2222222222222222,0.0,0.0,2
0.3333333333333333,0.0,0.0,0.0,0.1111111111111111,0.0,0.1111111111111111,0.0,0.0,2
0.5555555555555556,0.0,0.0,0.0,0.1111111111111111,0.0,0.1111111111111111,0.0,0.0,2
0.4444444444444444,0.0,0.0,0.0,0.1111111111111111,0.1111111111111111,0.1111111111111111,0.0,0.0,2
0.2222222222222222,0.0,0.0,0.0,0.1111111111111111,0.0,0.0,0.0,0.0,2
0.4444444444444444,0.2222222222222222,0.0,0.0,0.1111111111111111,0.0,0.0,0.0,0.0,2
0.3333333333333333,0.0,0.0,0.0,0.1111111111111111,0.0,0.1111111111111111,0.0,0.0,2
0.1111111111111111,0.0,0.2222222222222222,0.1111111111111111,0.1111111111111111,0.0,0.1111111111111111,0.0,0.0,2
0.4444444444444444,0.0,0.0,0.0,0.1111111111111111,0.0,0.1111111111111111,0.0,0.0,2
0.5555555555555556,1.0,1.0,1.0,0.3333333333333333,1.0,0.6666666666666666,1.0,0.0,4
0.1111111111111111,0.0,0.0,0.0,0.0,0.0,0.0,0.0,0.0,2
0.2222222222222222,0.0,0.0,0.0,0.0,0.0,0.0,0.0,0.0,2
0.6666666666666666,0.7777777777777778,0.2222222222222222,0.6666666666666666,0.3333333333333333,0.4444444444444444,0.6666666666666666,0.7777777777777778,0.1111111111111111,4
0.2222222222222222,0.0,0.0,0.0,0.1111111111111111,0.0,0.1111111111111111,0.0,0.0,2
0.0,0.0,0.0,0.0,0.1111111111111111,0.0,0.2222222222222222,0.0,0.0,2
0.2222222222222222,0.1111111111111111,0.1111111111111111,0.1111111111111111,0.1111111111111111,0.0,0.3333333333333333,0.1111111111111111,0.0,2
0.3333333333333333,0.3333333333333333,0.1111111111111111,0.0,0.1111111111111111,0.4444444444444444,0.1111111111111111,0.0,0.1111111111111111,2
0.2222222222222222,0.0,0.0,0.0,0.1111111111111111,0.0,0.0,0.0,0.0,2
0.3333333333333333,0.2222222222222222,0.0,0.0,0.1111111111111111,0.0,0.3333333333333333,0.7777777777777778,0.0,2
0.4444444444444444,0.1111111111111111,0.1111111111111111,0.1111111111111111,0.0,0.0,0.1111111111111111,0.0,0.0,2
0.4444444444444444,0.0,0.0,0.2222222222222222,0.1111111111111111,0.0,0.0,0.0,0.0,2
0.1111111111111111,0.0,0.0,0.0,0.1111111111111111,0.0,0.1111111111111111,0.0,0.0,2
0.4444444444444444,0.0,0.0,0.0,0.1111111111111111,0.0,0.1111111111111111,0.0,0.0,2
0.4444444444444444,0.0,0.0,0.0,0.1111111111111111,0.0,0.2222222222222222,0.0,0.0,2
0.4444444444444444,0.0,0.0,0.0,0.1111111111111111,0.0,0.2222222222222222,0.0,0.0,2
0.0,0.0,0.0,0.0,0.1111111111111111,0.0,0.2222222222222222,0.0,0.0,2
0.2222222222222222,0.0,0.0,0.0,0.1111111111111111,0.0,0.1111111111111111,0.0,0.0,2
0.3333333333333333,0.0,0.0,0.0,0.1111111111111111,0.0,0.2222222222222222,0.1111111111111111,0.0,2
0.4444444444444444,0.6666666666666666,1.0,1.0,0.4444444444444444,1.0,1.0,1.0,0.0,4
0.2222222222222222,0.0,0.1111111111111111,0.0,0.1111111111111111,0.0,0.2222222222222222,0.0,0.0,2
0.3333333333333333,0.0,0.0,0.0,0.1111111111111111,0.2222222222222222,0.1111111111111111,0.0,0.0,2
0.7777777777777778,0.3333333333333333,0.3333333333333333,0.0,0.5555555555555556,1.0,0.1111111111111111,0.4444444444444444,0.1111111111111111,4
1.0,1.0,0.7777777777777778,1.0,0.5555555555555556,0.4444444444444444,1.0,0.2222222222222222,0.0,4
0.7777777777777778,1.0,0.3333333333333333,0.3333333333333333,0.7777777777777778,1.0,0.7777777777777778,0.1111111111111111,0.0,4
0.6666666666666666,0.5555555555555556,1.0,0.4444444444444444,0.2222222222222222,1.0,0.8888888888888888,1.0,0.1111111111111111,4
0.2222222222222222,0.0,0.0,0.0,0.1111111111111111,0.0,0.1111111111111111,0.0,0.0,2
0.0,0.0,0.0,0.0,0.1111111111111111,0.0,0.1111111111111111,0.0,0.0,2
1.0,0.8888888888888888,0.6666666666666666,0.2222222222222222,0.3333333333333333,0.1111111111111111,0.6666666666666666,0.6666666666666666,0.0,4
0.4444444444444444,0.0,0.1111111111111111,0.0,0.1111111111111111,0.0,0.2222222222222222,0.0,0.0,2
0.4444444444444444,0.0,0.0,0.0,0.1111111111111111,0.0,0.1111111111111111,0.0,0.0,2
0.0,0.0,0.0,0.0,0.1111111111111111,0.0,0.1111111111111111,0.0,0.0,2
0.0,0.0,0.0,0.0,0.1111111111111111,0.0,0.1111111111111111,0.0,0.0,2
0.0,0.0,0.0,0.0,0.1111111111111111,0.0,0.2222222222222222,0.0,0.0,2
0.4444444444444444,0.0,0.1111111111111111,0.0,0.1111111111111111,0.0,0.1111111111111111,0.0,0.0,2
0.4444444444444444,0.6666666666666666,1.0,0.5555555555555556,0.4444444444444444,1.0,0.6666666666666666,0.4444444444444444,0.0,4
0.5555555555555556,1.0,0.4444444444444444,0.4444444444444444,0.3333333333333333,1.0,0.5555555555555556,1.0,0.0,4
0.2222222222222222,0.0,0.0,0.0,0.1111111111111111,0.0,0.0,0.0,0.0,2
0.4444444444444444,0.0,0.0,0.5555555555555556,0.2222222222222222,0.0,0.0,0.0,0.0,2
0.0,0.0,0.0,0.0,0.1111111111111111,0.0,0.0,0.0,0.0,2
0.7777777777777778,1.0,1.0,1.0,0.5555555555555556,1.0,1.0,1.0,0.0,4
0.4444444444444444,0.0,0.0,0.0,0.1111111111111111,0.0,0.1111111111111111,0.1111111111111111,0.0,2
0.8888888888888888,0.7777777777777778,0.7777777777777778,0.8888888888888888,0.5555555555555556,0.2222222222222222,0.3333333333333333,0.0,0.0,4
0.4444444444444444,0.0,0.0,0.0,0.1111111111111111,0.0,0.0,0.0,0.0,2
0.3333333333333333,1.0,0.7777777777777778,0.4444444444444444,0.3333333333333333,0.0,1.0,0.0,0.0,4
0.1111111111111111,0.4444444444444444,0.6666666666666666,0.5555555555555556,0.3333333333333333,1.0,0.6666666666666666,0.5555555555555556,0.0,4
1.0,0.2222222222222222,0.3333333333333333,0.4444444444444444,0.2222222222222222,1.0,0.3333333333333333,0.0,0.0,4
0.4444444444444444,0.0,0.1111111111111111,0.0,0.1111111111111111,0.0,0.0,0.0,0.0,2
0.3333333333333333,0.7777777777777778,0.5555555555555556,0.2222222222222222,0.3333333333333333,1.0,0.6666666666666666,0.0,0.0,4
0.4444444444444444,0.0,0.0,0.0,0.1111111111111111,0.0,0.1111111111111111,0.0,0.0,2
0.3333333333333333,0.0,0.1111111111111111,0.0,0.1111111111111111,0.0,0.1111111111111111,0.0,0.0,2
0.4444444444444444,0.0,0.2222222222222222,0.0,0.1111111111111111,0.0,0.2222222222222222,0.0,0.0,2
0.2222222222222222,0.0,0.0,0.0,0.1111111111111111,0.0,0.1111111111111111,0.0,0.0,2
0.4444444444444444,0.1111111111111111,0.3333333333333333,0.0,0.0,0.0,0.0,0.0,0.0,2
0.2222222222222222,0.0,0.0,0.0,0.1111111111111111,0.0,0.1111111111111111,0.0,0.0,2
0.0,0.0,0.0,0.0,0.0,0.0,0.1111111111111111,0.0,0.0,2
0.3333333333333333,0.0,0.0,0.0,0.1111111111111111,0.0,0.1111111111111111,0.0,0.0,2
0.4444444444444444,0.3333333333333333,0.5555555555555556,0.7777777777777778,0.3333333333333333,0.0,0.7777777777777778,1.0,0.0,4
0.4444444444444444,0.2222222222222222,0.1111111111111111,0.7777777777777778,0.4444444444444444,1.0,0.7777777777777778,0.0,0.1111111111111111,4
1.0,0.4444444444444444,1.0,0.2222222222222222,0.4444444444444444,0.7777777777777778,0.6666666666666666,0.7777777777777778,0.2222222222222222,4
0.3333333333333333,0.0,0.0,0.1111111111111111,0.1111111111111111,0.0,0.0,0.0,0.0,2
0.0,0.0,0.0,0.0,0.1111111111111111,0.0,0.0,0.0,0.0,2
0.4444444444444444,1.0,1.0,1.0,1.0,1.0,1.0,0.0,0.0,4
0.4444444444444444,0.0,0.0,0.0,0.1111111111111111,0.0,0.0,0.0,0.0,2
1.0,0.3333333333333333,0.2222222222222222,1.0,0.2222222222222222,1.0,0.6666666666666666,0.0,0.1111111111111111,4
0.4444444444444444,1.0,1.0,1.0,0.4444444444444444,0.1111111111111111,0.7777777777777778,0.4444444444444444,0.0,4
0.7777777777777778,1.0,1.0,1.0,0.5555555555555556,1.0,1.0,1.0,1.0,4
0.1111111111111111,0.2222222222222222,0.0,0.0,0.1111111111111111,0.0,0.1111111111111111,0.0,0.0,2
0.1111111111111111,0.0,0.0,0.0,0.0,0.0,0.1111111111111111,0.0,0.0,2
0.3333333333333333,0.0,0.2222222222222222,0.0,0.1111111111111111,0.0,0.1111111111111111,0.0,0.0,2
0.2222222222222222,0.0,0.0,0.0,0.1111111111111111,0.0,0.1111111111111111,0.0,0.0,2
0.0,0.0,0.0,0.0,0.0,0.0,0.0,0.0,0.0,2
0.3333333333333333,0.0,0.0,0.0,0.1111111111111111,0.0,0.1111111111111111,0.0,0.0,2
0.4444444444444444,0.0,0.0,0.0,0.1111111111111111,0.0,0.1111111111111111,0.0,0.0,2
0.2222222222222222,0.0,0.0,0.0,0.1111111111111111,0.0,0.1111111111111111,0.0,0.0,2
0.5555555555555556,0.2222222222222222,0.2222222222222222,0.2222222222222222,0.2222222222222222,0.1111111111111111,0.5555555555555556,0.0,0.0,2
0.6666666666666666,0.0,0.1111111111111111,0.2222222222222222,0.1111111111111111,0.0,0.1111111111111111,0.0,0.0,2
0.0,0.0,0.0,0.0,0.1111111111111111,0.0,0.0,0.0,0.0,2
0.4444444444444444,0.0,0.0,0.1111111111111111,0.0,0.0,0.1111111111111111,0.0,0.0,2
0.2222222222222222,0.0,0.2222222222222222,0.0,0.2222222222222222,0.3333333333333333,0.0,0.0,0.0,2
0.3333333333333333,0.5555555555555556,0.5555555555555556,0.4444444444444444,0.6666666666666666,0.5555555555555556,0.6666666666666666,0.6666666666666666,0.2222222222222222,4
0.1111111111111111,0.0,0.0,0.0,0.1111111111111111,0.4444444444444444,0.0,0.0,0.0,2
0.1111111111111111,0.0,0.0,0.0,0.1111111111111111,0.0,0.0,0.0,0.0,2
0.3333333333333333,0.0,0.0,0.0,0.1111111111111111,0.0,0.0,0.0,0.0,2
0.5555555555555556,0.1111111111111111,0.2222222222222222,0.0,0.1111111111111111,0.0,0.0,0.0,0.0,2
0.4444444444444444,0.0,0.0,0.0,0.1111111111111111,0.0,0.1111111111111111,0.0,0.0,2
0.0,0.0,0.0,0.0,0.1111111111111111,0.0,0.0,0.0,0.0,2
0.7777777777777778,0.6666666666666666,0.3333333333333333,0.3333333333333333,0.4444444444444444,0.2222222222222222,0.4444444444444444,1.0,0.0,4
0.2222222222222222,0.0,0.0,0.0,0.1111111111111111,0.0,0.0,0.0,0.0,2
0.2222222222222222,0.0,0.3333333333333333,0.0,0.1111111111111111,0.0,0.0,0.0,0.0,2
1.0,1.0,0.6666666666666666,0.7777777777777778,0.6666666666666666,0.0,1.0,1.0,0.2222222222222222,4
0.3333333333333333,0.1111111111111111,0.3333333333333333,0.2222222222222222,0.1111111111111111,0.1111111111111111,0.1111111111111111,0.0,0.0,2
0.3333333333333333,0.0,0.0,0.0,0.1111111111111111,0.0,0.0,0.0,0.0,2
0.4444444444444444,0.0,0.0,0.2222222222222222,0.1111111111111111,0.0,0.0,0.0,0.0,2
0.3333333333333333,0.0,0.0,0.2222222222222222,0.1111111111111111,0.0,0.0,0.0,0.0,2
0.2222222222222222,0.0,0.0,0.0,0.1111111111111111,0.0,0.1111111111111111,0.0,0.0,2
0.2222222222222222,0.0,0.0,0.0,0.1111111111111111,0.0,0.1111111111111111,0.0,0.0,2
0.0,0.0,0.0,0.0,0.1111111111111111,0.0,0.0,0.0,0.0,2
0.1111111111111111,0.0,0.0,0.0,0.1111111111111111,0.0,0.0,0.0,0.0,2
0.2222222222222222,0.0,0.0,0.0,0.1111111111111111,0.0,0.1111111111111111,0.0,0.0,2
0.0,0.1111111111111111,0.1111111111111111,0.0,0.1111111111111111,0.0,0.0,0.0,0.0,2
0.0,0.0,0.0,0.2222222222222222,0.1111111111111111,0.0,0.0,0.0,0.0,2
0.4444444444444444,1.0,1.0,1.0,1.0,0.1111111111111111,1.0,1.0,1.0,4
0.2222222222222222,0.0,0.0,0.0,0.1111111111111111,0.0,0.1111111111111111,0.0,0.0,2
0.2222222222222222,0.0,0.0,0.1111111111111111,0.2222222222222222,0.3333333333333333,0.0,0.0,0.0,2
0.0,0.1111111111111111,0.0,0.2222222222222222,0.1111111111111111,0.0,0.1111111111111111,0.0,0.0,2
0.4444444444444444,0.0,0.0,0.0,0.1111111111111111,0.0,0.1111111111111111,0.1111111111111111,0.0,2
0.3333333333333333,0.0,0.0,0.0,0.1111111111111111,0.0,0.1111111111111111,0.0,0.0,2
0.2222222222222222,0.0,0.0,0.0,0.1111111111111111,0.0,0.2222222222222222,0.0,0.0,2
0.2222222222222222,0.0,0.0,0.0,0.1111111111111111,0.0,0.1111111111111111,0.0,0.0,2
0.4444444444444444,0.0,0.0,0.0,0.1111111111111111,0.0,0.1111111111111111,0.0,0.0,2
0.4444444444444444,0.3333333333333333,0.4444444444444444,0.0,0.7777777777777778,0.0,0.2222222222222222,0.5555555555555556,0.0,2
0.6666666666666666,0.7777777777777778,0.7777777777777778,0.6666666666666666,0.2222222222222222,1.0,0.6666666666666666,0.1111111111111111,0.2222222222222222,4
0.0,0.0,0.0,0.0,0.1111111111111111,0.0,0.0,0.0,0.0,2
0.0,0.0,0.0,0.0,0.1111111111111111,0.0,0.1111111111111111,0.0,0.0,2
0.3333333333333333,0.0,0.0,0.0,0.1111111111111111,0.0,0.2222222222222222,0.0,0.0,2
0.0,0.0,0.2222222222222222,0.0,0.1111111111111111,0.0,0.1111111111111111,0.0,0.0,2
0.0,0.0,0.2222222222222222,0.0,0.1111111111111111,0.0,0.1111111111111111,0.0,0.0,2
0.2222222222222222,0.0,0.0,0.2222222222222222,0.1111111111111111,0.0,0.1111111111111111,0.0,0.0,2
0.0,0.0,0.0,0.0,0.1111111111111111,0.0,0.0,0.0,0.0,2
0.4444444444444444,0.1111111111111111,0.1111111111111111,0.1111111111111111,0.1111111111111111,0.0,0.0,0.0,0.1111111111111111,2
0.2222222222222222,0.0,0.0,0.0,0.1111111111111111,0.0,0.2222222222222222,0.0,0.0,2
0.4444444444444444,0.6666666666666666,0.3333333333333333,0.0,0.5555555555555556,0.0,0.6666666666666666,1.0,0.2222222222222222,4
0.4444444444444444,1.0,1.0,0.7777777777777778,0.4444444444444444,0.4444444444444444,0.6666666666666666,1.0,0.0,4
0.2222222222222222,1.0,0.6666666666666666,0.7777777777777778,0.4444444444444444,0.7777777777777778,0.6666666666666666,0.3333333333333333,0.0,4
0.2222222222222222,0.1111111111111111,0.0,0.1111111111111111,0.1111111111111111,0.0,0.2222222222222222,0.0,0.0,2
0.1111111111111111,0.0,0.0,0.0,0.1111111111111111,0.0,0.2222222222222222,0.0,0.0,2
0.4444444444444444,0.2222222222222222,0.1111111111111111,0.0,0.2222222222222222,0.0,0.0,0.0,0.0,2
0.0,0.0,0.0,0.0,0.1111111111111111,0.0,0.1111111111111111,0.0,0.0,2
0.3333333333333333,0.0,0.3333333333333333,0.0,0.1111111111111111,0.0,0.0,0.0,0.0,2
0.0,0.0,0.1111111111111111,0.0,0.1111111111111111,0.0,0.1111111111111111,0.0,0.0,2
0.4444444444444444,0.0,0.0,0.0,0.1111111111111111,0.0,0.0,0.0,0.0,2
0.0,0.0,0.0,0.0,0.1111111111111111,0.0,0.0,0.0,0.0,2
0.1111111111111111,0.0,0.0,0.0,0.1111111111111111,0.0,0.0,0.0,0.0,2
1.0,1.0,1.0,1.0,0.4444444444444444,1.0,1.0,1.0,0.6666666666666666,4
0.4444444444444444,1.0,1.0,1.0,0.3333333333333333,1.0,0.4444444444444444,0.5555555555555556,0.2222222222222222,4
0.4444444444444444,0.0,0.0,0.0,0.1111111111111111,0.0,0.2222222222222222,0.1111111111111111,0.0,2
0.0,0.0,0.0,0.0,0.1111111111111111,0.0,0.0,0.0,0.0,2
0.0,0.0,0.0,0.0,0.1111111111111111,0.0,0.0,0.0,0.0,2
0.0,0.0,0.0,0.0,0.1111111111111111,0.0,0.0,0.0,0.0,2
0.0,0.0,0.0,0.0,0.1111111111111111,0.0,0.0,0.0,0.0,2
0.2222222222222222,0.0,0.0,0.0,0.1111111111111111,0.0,0.1111111111111111,0.2222222222222222,0.0,2
0.3333333333333333,0.0,0.0,0.0,0.1111111111111111,0.0,0.0,0.0,0.0,2
0.0,0.0,0.0,0.0,0.1111111111111111,0.0,0.0,0.0,0.7777777777777778,2
0.0,0.0,0.0,0.2222222222222222,0.1111111111111111,0.0,0.0,0.0,0.0,2
0.4444444444444444,1.0,1.0,0.4444444444444444,0.3333333333333333,0.4444444444444444,0.3333333333333333,0.3333333333333333,0.0,4
0.2222222222222222,0.0,0.0,0.0,0.1111111111111111,0.0,0.0,0.0,0.0,2
0.2222222222222222,0.0,0.0,0.0,0.1111111111111111,0.0,0.1111111111111111,0.0,0.1111111111111111,2
0.2222222222222222,0.0,0.0,0.0,0.2222222222222222,0.1111111111111111,0.0,0.0,0.0,2
0.1111111111111111,0.0,0.0,0.0,0.1111111111111111,0.0,0.0,0.0,0.0,2
0.4444444444444444,1.0,1.0,0.2222222222222222,0.6666666666666666,0.2222222222222222,0.7777777777777778,1.0,0.1111111111111111,4
0.3333333333333333,0.7777777777777778,0.5555555555555556,0.3333333333333333,0.2222222222222222,0.3333333333333333,1.0,0.5555555555555556,0.0,4
0.3333333333333333,0.7777777777777778,0.7777777777777778,0.4444444444444444,0.3333333333333333,0.4444444444444444,1.0,0.3333333333333333,0.0,4
