myct,mmin,mmax,cach,chmin,chmax,prp
-0.30285898853853455,-0.6734091493243981,-0.4942754692358069,5.680569004886772,1.658007913219469,4.220899115265833,198
-0.6717167490118354,1.3231140755373743,1.7229127168134908,0.16722796224685335,0.48434608811237656,0.5282105372291331,269
-0.6717167490118354,1.3231140755373743,1.7229127168134908,0.16722796224685335,0.48434608811237656,0.5282105372291331,220
-0.6717167490118354,1.3231140755373743,1.7229127168134908,0.16722796224685335,0.48434608811237656,0.5282105372291331,172
-0.6717167490118354,1.3231140755373743,0.3584892177062307,0.16722796224685335,0.48434608811237656,-0.08723755911031679,132
-0.6832435540266261,1.3231140755373743,1.7229127168134908,0.9548481111954132,0.48434608811237656,0.5282105372291331,318
-0.6947703590414167,3.385638068163172,1.7229127168134908,0.9548481111954132,1.658007913219469,0.5282105372291331,367
-0.6947703590414167,3.385638068163172,1.7229127168134908,0.9548481111954132,1.658007913219469,0.5282105372291331,489
-0.6947703590414167,3.385638068163172,4.451759715028011,0.9548481111954132,1.658007913219469,0.5282105372291331,636
-0.6947703590414167,7.510686053414768,4.451759715028011,2.530088409092533,4.0053315634336535,1.7591067299080332,1144
0.7537648044839418,-0.48159441801019887,-0.7501048753184182,-0.6203921867017065,-0.5426080088563292,-0.6257546434073356,38
0.7537648044839418,-0.6074083815603726,-0.7074666409713163,-0.5219396680831365,-0.5426080088563292,-0.471892619322473,40
-0.5526064305256653,-0.22377891893197416,-0.32372253184739935,0.9794612408500557,-0.5426080088563292,-0.39496160728004176,92
-0.5910291139083008,0.2918520792244753,0.3584892177062307,0.9794612408500557,-0.5426080088563292,-0.39496160728004176,138
0.5616513875707643,-0.7229097251474172,-1.0004765874046004,-0.6203921867017065,-0.5426080088563292,-0.5488236313649043,10
-0.01468886316876829,-0.6074083815603726,0.3584892177062307,-0.6203921867017065,-0.10248482444116959,0.5282105372291331,35
-0.14148371833146545,-0.6043145955714339,-0.8353813440126219,-0.42348714946456656,-0.10248482444116959,-0.12570306513153243,19
-0.23369815844979067,-0.6074083815603726,-0.5795519379300107,-0.6203921867017065,0.33763835997399,0.5282105372291331,28
-0.23369815844979067,-0.48159441801019887,-0.8353813440126219,-0.6203921867017065,0.04422290369721695,-0.08723755911031679,31
-0.3604930136124878,0.5496675783027001,-0.5795519379300107,2.8746722242575276,0.48434608811237656,1.7591067299080332,120
-0.23369815844979067,-0.35268666847108654,-0.4686925286275458,-0.6203921867017065,0.04422290369721695,0.5282105372291331,30
-0.23369815844979067,0.05981813005407305,-0.47722017549696616,-0.6203921867017065,0.04422290369721695,0.0666244649745457,33
-0.23369815844979067,-0.14643426920850675,-0.47722017549696616,-0.6203921867017065,0.1909306318356035,1.7591067299080332,61
-0.3604930136124878,0.05981813005407305,-0.47722017549696616,-0.6203921867017065,0.1909306318356035,1.7591067299080332,76
0.44638333742285774,-0.7064095332064109,-0.4942754692358069,-0.6203921867017065,-0.5426080088563292,-0.24109958319517927,23
0.44638333742285774,-0.6074083815603726,-0.8353813440126219,-0.5219396680831365,-0.5426080088563292,-0.5872891373861199,69
0.44638333742285774,-0.6734091493243981,-0.4942754692358069,-0.6203921867017065,-0.5426080088563292,-0.471892619322473,33
0.44638333742285774,-0.6734091493243981,-0.7501048753184182,-0.5219396680831365,-0.5426080088563292,-0.5872891373861199,27
0.44638333742285774,-0.6074083815603726,-0.5795519379300107,-0.5219396680831365,-0.5426080088563292,-0.5103581253436886,77
0.44638333742285774,-0.6734091493243981,-0.5795519379300107,-0.5219396680831365,-0.5426080088563292,-0.471892619322473,27
-0.6870858223648896,-0.40167161329594925,-0.7825099334222156,2.60392779805646,1.0711770006659227,0.22048648905940818,274
-0.6870858223648896,-0.40167161329594925,-0.7825099334222156,2.60392779805646,1.0711770006659227,0.22048648905940818,368
-0.5910291139083008,-0.06393330950347482,-0.11223688948577405,0.11800170293756836,1.0711770006659227,0.22048648905940818,32
-0.5910291139083008,-0.06393330950347482,-0.11223688948577405,0.11800170293756836,1.0711770006659227,0.22048648905940818,63
-0.5679755038787195,0.611543298081474,0.7823132671164233,0.11800170293756836,1.0711770006659227,0.22048648905940818,106
-0.5372373571726111,0.611543298081474,0.7823132671164233,0.11800170293756836,1.0711770006659227,0.22048648905940818,208
-0.5910291139083008,-0.6105021675493113,-0.8353813440126219,-0.42348714946456656,-0.5426080088563292,-0.5488236313649043,20
-0.5910291139083008,-0.48159441801019887,-0.6648284066242144,-0.42348714946456656,-0.5426080088563292,-0.5103581253436886,29
-0.5910291139083008,-0.22377891893197416,-0.32372253184739935,-0.42348714946456656,-0.5426080088563292,-0.5103581253436886,71
-0.5910291139083008,-0.48159441801019887,-0.6648284066242144,-0.42348714946456656,-0.24919255257955614,-0.5103581253436886,26
-0.5910291139083008,-0.48159441801019887,-0.32372253184739935,-0.42348714946456656,-0.24919255257955614,-0.5103581253436886,36
-0.5910291139083008,-0.22377891893197416,0.3584892177062307,-0.42348714946456656,-0.24919255257955614,-0.5103581253436886,40
-0.5910291139083008,-0.22377891893197416,0.3584892177062307,-0.42348714946456656,-0.24919255257955614,-0.471892619322473,52
-0.5910291139083008,-0.22377891893197416,0.3584892177062307,-0.42348714946456656,-0.24919255257955614,-0.471892619322473,60
-0.27212084183242613,-0.48159441801019887,0.017383342929415662,-0.39887401980992404,-0.24919255257955614,-0.24109958319517927,72
-0.27212084183242613,-0.48159441801019887,-0.32372253184739935,-0.39887401980992404,-0.24919255257955614,-0.24109958319517927,72
2.3290948231719972,-0.6074083815603726,-0.9622727294295971,-0.42348714946456656,-0.5426080088563292,-0.6642201494285511,18
2.3290948231719972,-0.48159441801019887,-0.5795519379300107,-0.6203921867017065,-0.5426080088563292,-0.6642201494285511,20
0.44638333742285774,-0.6074083815603726,-0.32372253184739935,-0.5219396680831365,-0.5426080088563292,-0.5103581253436886,40
-0.01468886316876829,-0.6074083815603726,-0.32372253184739935,-0.42348714946456656,-0.5426080088563292,-0.39496160728004176,62
1.9064453059630067,-0.6404087654423853,-0.32372253184739935,-0.6203921867017065,-0.5426080088563292,-0.6642201494285511,24
1.9064453059630067,-0.6734091493243981,-0.8353813440126219,-0.6203921867017065,-0.5426080088563292,-0.6642201494285511,24
-0.2452249634645813,-0.48159441801019887,0.3584892177062307,-0.22658211222742658,-0.5426080088563292,-0.5872891373861199,138
-0.01468886316876829,-0.48159441801019887,-0.32372253184739935,-0.6203921867017065,-0.5426080088563292,-0.6257546434073356,36
-0.3604930136124878,-0.48159441801019887,-0.6648284066242144,-0.22658211222742658,-0.5426080088563292,-0.6257546434073356,26
-0.3604930136124878,-0.48159441801019887,0.017383342929415662,-0.22658211222742658,-0.5426080088563292,-0.6257546434073356,60
0.06215650359650272,-0.48159441801019887,-0.32372253184739935,-0.22658211222742658,-0.5426080088563292,-0.6257546434073356,71
2.2906721397893617,-0.6734091493243981,-0.32372253184739935,-0.6203921867017065,-0.5426080088563292,-0.5488236313649043,12
2.2906721397893617,-0.6734091493243981,-0.32372253184739935,-0.6203921867017065,-0.5426080088563292,-0.5488236313649043,14
2.2906721397893617,-0.6734091493243981,-0.32372253184739935,-0.6203921867017065,-0.5426080088563292,-0.5488236313649043,20
2.2906721397893617,-0.6734091493243981,-0.32372253184739935,-0.6203921867017065,-0.5426080088563292,-0.5488236313649043,16
2.2906721397893617,-0.6734091493243981,-0.32372253184739935,-0.6203921867017065,-0.5426080088563292,-0.5488236313649043,22
-0.30285898853853455,-0.6074083815603726,-0.9206578127068257,-0.6203921867017065,0.48434608811237656,0.0666244649745457,36
-0.49497240545171206,-0.22377891893197416,-0.32372253184739935,0.9548481111954132,-0.5426080088563292,0.7590035733564269,144
-0.49497240545171206,-0.22377891893197416,0.3584892177062307,0.9548481111954132,-0.5426080088563292,0.7590035733564269,144
-0.49497240545171206,-0.22377891893197416,0.3584892177062307,2.530088409092533,-0.5426080088563292,0.7590035733564269,259
-0.4373383803777588,-0.6734091493243981,-0.9206578127068257,-0.6203921867017065,-0.24919255257955614,-0.3180305952376105,17
-0.3797043553038056,-0.6734091493243981,-0.8353813440126219,-0.6203921867017065,-0.24919255257955614,-0.3180305952376105,26
-0.3797043553038056,-0.48159441801019887,-0.6648284066242144,-0.6203921867017065,-0.24919255257955614,0.22048648905940818,32
-0.3797043553038056,-0.22377891893197416,-0.6648284066242144,-0.42348714946456656,-0.24919255257955614,0.028158958953330076,32
-0.49497240545171206,-0.22377891893197416,-0.32372253184739935,-0.42348714946456656,-0.24919255257955614,0.22048648905940818,62
-0.49497240545171206,0.03403658014625058,-0.32372253184739935,-0.42348714946456656,-0.24919255257955614,1.1436586335685832,64
-0.11074557162535704,-0.6734091493243981,-0.8353813440126219,-0.6203921867017065,-0.24919255257955614,0.22048648905940818,22
0.36953797065758676,-0.541407613796347,-0.7501048753184182,-0.6203921867017065,0.1909306318356035,0.22048648905940818,36
0.36953797065758676,-0.541407613796347,-0.7501048753184182,-0.47271340877385154,0.1909306318356035,0.22048648905940818,44
0.36953797065758676,-0.541407613796347,0.017383342929415662,-0.47271340877385154,0.1909306318356035,0.22048648905940818,50
0.36953797065758676,-0.541407613796347,-0.6221901722771125,-0.6203921867017065,-0.5426080088563292,0.22048648905940818,45
0.36953797065758676,-0.6404087654423853,0.017383342929415662,-0.47271340877385154,-0.5426080088563292,0.22048648905940818,53
0.36953797065758676,-0.6899093412654045,-0.9404419534438809,-0.47271340877385154,0.1909306318356035,0.22048648905940818,36
-0.0915342299340393,-0.541407613796347,0.017383342929415662,-0.47271340877385154,-0.5426080088563292,0.48974503120791757,84
0.48480602080549323,-0.48159441801019887,-0.7501048753184182,-0.6203921867017065,-0.39590028071794264,-0.5488236313649043,16
0.36953797065758676,-0.48159441801019887,-0.6648284066242144,-0.42348714946456656,-0.24919255257955614,1.7591067299080332,38
0.36953797065758676,-0.48159441801019887,0.3584892177062307,-0.42348714946456656,-0.39590028071794264,3.6054510189263826,38
0.48480602080549323,-0.48159441801019887,-0.8353813440126219,-0.6203921867017065,-0.5426080088563292,-0.6257546434073356,16
0.48480602080549323,-0.48159441801019887,-0.6648284066242144,-0.6203921867017065,-0.24919255257955614,-0.471892619322473,22
-0.2452249634645813,-0.22377891893197416,-0.6648284066242144,-0.6203921867017065,-0.24919255257955614,-0.471892619322473,29
-0.2452249634645813,-0.22377891893197416,-0.6648284066242144,-0.6203921867017065,-0.10248482444116959,-0.39496160728004176,40
-0.2452249634645813,-0.22377891893197416,-0.6648284066242144,-0.42348714946456656,-0.5426080088563292,0.0666244649745457,35
-0.2452249634645813,-0.22377891893197416,1.7229127168134908,0.16722796224685335,-0.5426080088563292,0.0666244649745457,134
-0.2452249634645813,-0.22377891893197416,-0.32372253184739935,0.16722796224685335,-0.5426080088563292,1.3744516696958768,66
-0.2452249634645813,-0.22377891893197416,1.7229127168134908,0.16722796224685335,-0.5426080088563292,1.3744516696958768,141
-0.2452249634645813,-0.22377891893197416,1.7229127168134908,0.16722796224685335,-0.5426080088563292,1.3744516696958768,189
-0.2452249634645813,-0.22377891893197416,-0.6648284066242144,-0.42348714946456656,-0.5426080088563292,0.0666244649745457,22
-0.564133235540456,0.2918520792244753,0.3584892177062307,-0.595779057047064,0.1909306318356035,-0.24109958319517927,132
-0.564133235540456,0.2918520792244753,1.0407009672598608,0.9548481111954132,1.0711770006659227,-0.08723755911031679,237
-0.6832435540266261,3.385638068163172,1.7229127168134908,0.9548481111954132,1.658007913219469,0.22048648905940818,465
-0.6832435540266261,3.385638068163172,1.7229127168134908,0.9548481111954132,0.48434608811237656,0.22048648905940818,465
-0.6832435540266261,1.3231140755373743,1.7229127168134908,-0.6203921867017065,0.48434608811237656,0.22048648905940818,277
-0.6832435540266261,1.3231140755373743,0.3584892177062307,-0.6203921867017065,0.48434608811237656,-0.08723755911031679,185
1.0611462715450257,-0.7146596291769141,-0.9622727294295971,-0.6203921867017065,-0.5426080088563292,-0.6642201494285511,6
-0.0031620581539776394,-0.48159441801019887,-0.8353813440126219,-0.6203921867017065,-0.5426080088563292,-0.5103581253436886,24
-0.34128167192117004,-0.6074083815603726,-0.4942754692358069,-0.22658211222742658,-0.5426080088563292,-0.471892619322473,45
3.4433526412684268,-0.6074083815603726,-0.8780195783597238,-0.6203921867017065,-0.5426080088563292,-0.6642201494285511,7
3.4433526412684268,-0.541407613796347,-0.8353813440126219,-0.6203921867017065,-0.5426080088563292,-0.6642201494285511,13
1.5222184721366516,-0.541407613796347,-0.8353813440126219,-0.6203921867017065,-0.5426080088563292,-0.6642201494285511,16
0.7537648044839418,-0.22377891893197416,-0.6648284066242144,-0.6203921867017065,-0.5426080088563292,-0.6642201494285511,32
0.7537648044839418,0.2918520792244753,-0.32372253184739935,-0.6203921867017065,-0.5426080088563292,-0.6642201494285511,32
2.6748989736157167,-0.48159441801019887,-0.9206578127068257,-0.6203921867017065,-0.5426080088563292,-0.6257546434073356,11
2.6748989736157167,-0.6074083815603726,-0.9206578127068257,-0.6203921867017065,-0.5426080088563292,-0.6257546434073356,11
2.6748989736157167,-0.48159441801019887,-0.6648284066242144,-0.5219396680831365,-0.5426080088563292,-0.6257546434073356,18
2.6748989736157167,-0.48159441801019887,-0.6648284066242144,-0.42348714946456656,-0.5426080088563292,-0.6257546434073356,22
2.6748989736157167,-0.22377891893197416,-0.6648284066242144,-0.6203921867017065,-0.24919255257955614,-0.471892619322473,37
0.08136784528782047,-0.22377891893197416,-0.6648284066242144,-0.42348714946456656,-0.24919255257955614,-0.471892619322473,40
0.08136784528782047,-0.22377891893197416,-0.6648284066242144,-0.42348714946456656,-0.24919255257955614,-0.471892619322473,34
-0.0915342299340393,-0.22377891893197416,-0.32372253184739935,-0.42348714946456656,-0.5426080088563292,-0.471892619322473,50
-0.07232288824272154,-0.22377891893197416,0.3584892177062307,-0.22658211222742658,-0.5426080088563292,-0.471892619322473,76
-0.0915342299340393,-0.22377891893197416,0.3584892177062307,-0.22658211222742658,-0.5426080088563292,-0.471892619322473,66
0.08136784528782047,-0.48159441801019887,-0.6648284066242144,-0.5711659273924216,-0.24919255257955614,-0.471892619322473,24
-0.6870858223648896,-0.22377891893197416,0.017383342929415662,-0.42348714946456656,-0.5426080088563292,-0.5488236313649043,49
-0.6870858223648896,-0.22377891893197416,0.017383342929415662,-0.22658211222742658,-0.24919255257955614,-0.5103581253436886,66
-0.717823969070998,0.2918520792244753,0.3584892177062307,-0.42348714946456656,0.1909306318356035,-0.24109958319517927,100
-0.717823969070998,0.2918520792244753,0.3584892177062307,0.16722796224685335,0.1909306318356035,-0.24109958319517927,133
4.980259976573848,-0.541407613796347,-0.9206578127068257,-0.6203921867017065,-0.6893157369947157,-0.7026856554497668,12
4.980259976573848,-0.541407613796347,-0.8353813440126219,-0.6203921867017065,-0.6893157369947157,-0.7026856554497668,18
2.2906721397893617,-0.541407613796347,-0.8353813440126219,-0.6203921867017065,-0.6893157369947157,-0.7026856554497668,20
-0.5910291139083008,-0.22377891893197416,-0.6648284066242144,-0.6203921867017065,-0.24919255257955614,-0.471892619322473,27
-0.5910291139083008,-0.22377891893197416,-0.32372253184739935,-0.42348714946456656,-0.24919255257955614,-0.471892619322473,45
-0.5910291139083008,-0.22377891893197416,-0.32372253184739935,-0.42348714946456656,-0.5426080088563292,-0.471892619322473,56
-0.5910291139083008,-0.22377891893197416,0.3584892177062307,-0.029677074990286614,-0.5426080088563292,-0.471892619322473,70
-0.5910291139083008,-0.22377891893197416,0.3584892177062307,-0.029677074990286614,-0.5426080088563292,-0.471892619322473,80
-0.5910291139083008,1.3231140755373743,0.3584892177062307,0.5610380367211333,-0.5426080088563292,-0.3180305952376105,136
-0.3989156969951233,-0.48159441801019887,-0.32372253184739935,-0.6203921867017065,-0.39590028071794264,-0.471892619322473,16
-0.3989156969951233,-0.48159441801019887,-0.32372253184739935,-0.029677074990286614,-0.39590028071794264,-0.471892619322473,26
-0.3989156969951233,-0.48159441801019887,-0.32372253184739935,-0.029677074990286614,-0.24919255257955614,-0.471892619322473,32
-0.5910291139083008,-0.22377891893197416,0.3584892177062307,-0.32503463084599654,-0.24919255257955614,-0.08723755911031679,45
-0.5910291139083008,-0.22377891893197416,0.3584892177062307,-0.029677074990286614,0.1909306318356035,-0.08723755911031679,54
-0.5910291139083008,-0.22377891893197416,0.3584892177062307,-0.029677074990286614,0.1909306318356035,-0.08723755911031679,65
-0.2068022800819458,-0.6074083815603726,-0.6648284066242144,-0.6203921867017065,0.48434608811237656,4.220899115265833,30
-0.34128167192117004,-0.22377891893197416,-0.32372253184739935,-0.22658211222742658,-0.5426080088563292,-0.5872891373861199,50
-0.34128167192117004,-0.22377891893197416,-0.6648284066242144,-0.5711659273924216,-0.5426080088563292,-0.5103581253436886,40
-0.4296538437012317,-0.22377891893197416,-0.32372253184739935,0.16722796224685335,-0.5426080088563292,-0.471892619322473,62
-0.4296538437012317,-0.22377891893197416,-0.32372253184739935,0.16722796224685335,-0.5426080088563292,-0.471892619322473,60
-0.4296538437012317,-0.22377891893197416,-0.32372253184739935,-0.5219396680831365,-0.5426080088563292,-0.471892619322473,50
-0.49497240545171206,0.2918520792244753,0.3584892177062307,-0.22658211222742658,-0.5426080088563292,-0.471892619322473,66
-0.5526064305256653,0.2918520792244753,0.3584892177062307,0.16722796224685335,-0.5426080088563292,-0.471892619322473,86
-0.5526064305256653,-0.22377891893197416,0.3584892177062307,0.9548481111954132,0.04422290369721695,-0.39496160728004176,74
-0.5526064305256653,0.2918520792244753,0.3584892177062307,0.9548481111954132,0.04422290369721695,-0.39496160728004176,93
-0.5910291139083008,0.2918520792244753,0.3584892177062307,0.9548481111954132,0.04422290369721695,-0.3180305952376105,111
-0.5064992104665027,0.2918520792244753,0.3584892177062307,0.9548481111954132,0.48434608811237656,-0.08723755911031679,143
-0.5064992104665027,-0.22377891893197416,-0.32372253184739935,-0.22658211222742658,0.1909306318356035,-0.39496160728004176,105
-0.6294517972909364,1.3231140755373743,0.3584892177062307,0.16722796224685335,0.48434608811237656,-0.08723755911031679,214
-0.6294517972909364,1.3231140755373743,1.7229127168134908,0.9548481111954132,0.48434608811237656,0.22048648905940818,277
-0.648663138982254,1.3231140755373743,1.7229127168134908,0.9548481111954132,0.48434608811237656,0.22048648905940818,370
-0.6371363339674634,3.385638068163172,1.7229127168134908,2.530088409092533,1.658007913219469,0.5282105372291331,510
-0.598713650584828,0.2918520792244753,1.0407009672598608,0.16722796224685335,0.48434608811237656,0.22048648905940818,214
-0.6371363339674634,1.3231140755373743,1.7229127168134908,0.9548481111954132,0.48434608811237656,0.22048648905940818,326
-0.6678744806735718,3.385638068163172,1.7229127168134908,5.680569004886772,1.658007913219469,0.22048648905940818,510
-0.35280847693596074,-0.48159441801019887,-0.9206578127068257,-0.6203921867017065,-0.5426080088563292,-0.5488236313649043,8
-0.46039199040734013,-0.48159441801019887,-0.8353813440126219,-0.6203921867017065,-0.5426080088563292,-0.471892619322473,12
-0.5679755038787195,-0.48159441801019887,-0.6648284066242144,-0.6203921867017065,-0.5426080088563292,-0.471892619322473,17
-0.5679755038787195,-0.22377891893197416,-0.4942754692358069,-0.6203921867017065,-0.5426080088563292,-0.39496160728004176,21
-0.5679755038787195,-0.22377891893197416,-0.32372253184739935,-0.6203921867017065,-0.5426080088563292,-0.39496160728004176,24
-0.5679755038787195,0.2918520792244753,-0.32372253184739935,-0.6203921867017065,-0.5426080088563292,-0.39496160728004176,34
-0.5679755038787195,0.2918520792244753,0.017383342929415662,-0.6203921867017065,-0.5426080088563292,-0.39496160728004176,42
-0.5679755038787195,0.2918520792244753,0.3584892177062307,-0.6203921867017065,-0.5426080088563292,-0.39496160728004176,46
-0.6371363339674634,0.2918520792244753,-0.32372253184739935,0.16722796224685335,1.658007913219469,0.5282105372291331,51
-0.6371363339674634,0.2918520792244753,-0.32372253184739935,0.16722796224685335,1.658007913219469,0.5282105372291331,116
-0.6371363339674634,1.3231140755373743,0.3584892177062307,0.9548481111954132,-0.10248482444116959,-0.39496160728004176,100
-0.6371363339674634,1.3231140755373743,1.0407009672598608,3.3177085580410925,-0.10248482444116959,-0.39496160728004176,140
-0.6371363339674634,0.2918520792244753,0.3584892177062307,2.530088409092533,1.658007913219469,0.5282105372291331,212
-0.01468886316876829,-0.48159441801019887,-0.8353813440126219,-0.6203921867017065,-0.5426080088563292,-0.6257546434073356,25
-0.01468886316876829,-0.48159441801019887,-0.6648284066242144,-0.6203921867017065,-0.5426080088563292,-0.5488236313649043,30
-0.01468886316876829,-0.22377891893197416,-0.32372253184739935,0.9548481111954132,-0.5426080088563292,-0.5103581253436886,41
0.1774245537444092,-0.6074083815603726,-0.6648284066242144,-0.6203921867017065,-0.5426080088563292,-0.4334271133012574,25
0.1774245537444092,-0.6074083815603726,-0.6648284066242144,-0.6203921867017065,-0.10248482444116959,-0.4334271133012574,50
0.1774245537444092,-0.48159441801019887,0.3584892177062307,-0.595779057047064,-0.5426080088563292,-0.39496160728004176,50
-0.1683795966993103,-0.6074083815603726,-0.6648284066242144,-0.5711659273924216,-0.5426080088563292,-0.5103581253436886,30
-0.1683795966993103,-0.6074083815603726,-0.8353813440126219,-0.5711659273924216,-0.24919255257955614,-0.39496160728004176,32
-0.1683795966993103,-0.48159441801019887,-0.6648284066242144,-0.42348714946456656,-0.5426080088563292,-0.16416857115274805,38
-0.1683795966993103,-0.48159441801019887,-0.32372253184739935,-0.22658211222742658,-0.5426080088563292,-0.16416857115274805,60
-0.1683795966993103,-0.22377891893197416,-0.32372253184739935,0.16722796224685335,-0.5426080088563292,-0.20263407717396367,109
0.13900187036177372,-0.6074083815603726,-0.9206578127068257,-0.42348714946456656,-0.5426080088563292,-0.5872891373861199,6
0.13900187036177372,-0.6074083815603726,-0.8353813440126219,-0.42348714946456656,-0.5426080088563292,-0.5103581253436886,11
-0.3797043553038056,-0.22377891893197416,-0.6648284066242144,-0.42348714946456656,-0.24919255257955614,-0.39496160728004176,22
-0.3797043553038056,-0.22377891893197416,-0.4942754692358069,-0.22658211222742658,0.1909306318356035,-0.08723755911031679,33
-0.3797043553038056,-0.22377891893197416,-0.32372253184739935,-0.22658211222742658,-0.10248482444116959,-0.16416857115274805,58
-0.5833445772317737,0.2918520792244753,0.3584892177062307,0.16722796224685335,-0.10248482444116959,-0.24109958319517927,130
-0.5141837471430298,0.2918520792244753,0.017383342929415662,-0.42348714946456656,0.1909306318356035,-0.39496160728004176,75
-0.5564486988639289,0.2918520792244753,0.017383342929415662,0.16722796224685335,0.1909306318356035,-0.24109958319517927,113
-0.5564486988639289,1.3231140755373743,0.3584892177062307,0.9548481111954132,1.0711770006659227,0.22048648905940818,188
-0.6832435540266261,1.3231140755373743,1.0407009672598608,0.16722796224685335,0.48434608811237656,-0.08723755911031679,173
-0.6832435540266261,1.3231140755373743,1.7229127168134908,0.9548481111954132,1.0711770006659227,-0.08723755911031679,248
-0.6832435540266261,1.3231140755373743,1.7229127168134908,2.530088409092533,2.8316697383265614,0.5282105372291331,405
-0.3374394035829065,-0.22377891893197416,-0.32372253184739935,0.16722796224685335,0.04422290369721695,0.3743485131442707,70
-0.5910291139083008,-0.22377891893197416,1.7229127168134908,-0.029677074990286614,0.1909306318356035,0.29741750110183945,114
-0.5910291139083008,-0.22377891893197416,1.7229127168134908,0.5610380367211333,3.1250851946033347,1.2975206576534457,208
-0.5910291139083008,-0.22377891893197416,1.7229127168134908,2.1362783346182526,6.939486126201384,3.2977269707566577,307
-0.5910291139083008,0.2918520792244753,1.7229127168134908,2.1362783346182526,6.939486126201384,3.2977269707566577,397
-0.6678744806735718,1.3231140755373743,4.451759715028011,1.742468260143973,1.0711770006659227,6.0672434042841825,915
-0.6678744806735718,1.3231140755373743,4.451759715028011,2.530088409092533,1.0711770006659227,6.0672434042841825,1150
-0.0915342299340393,-0.6718622563299288,-0.6648284066242144,-0.6203921867017065,-0.5426080088563292,-0.5872891373861199,12
-0.0915342299340393,-0.6074083815603726,-0.6648284066242144,-0.6203921867017065,-0.5426080088563292,-0.5872891373861199,14
-0.0915342299340393,-0.6718622563299288,-0.6648284066242144,-0.6203921867017065,-0.5426080088563292,-0.5872891373861199,18
-0.0915342299340393,-0.6074083815603726,-0.6648284066242144,-0.6203921867017065,-0.5426080088563292,-0.5872891373861199,21
-0.3067012568767981,-0.48159441801019887,-0.32372253184739935,-0.6203921867017065,-0.5426080088563292,-0.39496160728004176,42
-0.40660023367165044,-0.48159441801019887,-0.32372253184739935,0.16722796224685335,-0.39590028071794264,-0.39496160728004176,46
-0.30285898853853455,-0.22377891893197416,-0.32372253184739935,-0.6203921867017065,-0.39590028071794264,-0.16416857115274805,52
1.0611462715450257,-0.6074083815603726,-0.32372253184739935,0.16722796224685335,-0.6893157369947157,-0.7026856554497668,67
1.0611462715450257,-0.48159441801019887,-0.6648284066242144,-0.6203921867017065,-0.6893157369947157,-0.7026856554497668,45
